|   ID | total |                                                                           param |      local      |      global     |       compiles |         time |          J |  GFLOP/s |     GFLOP/watt |            status |
x------x-------x---------------------------------------------------------------------------------x-----------------x-----------------x----------------x--------------x------------x----------x----------------x-------------------x
|    1 |   578 |    0   16   16   32    8    8    8    8    2    1    1    0    0    0    0    1 |       8       8 |    2048    2048 |   OK     11 ms |     60.75 ms |      11.87 |   2262.2 |           11.6 |     results match |
|    2 |   578 |    0   16   16   32    8    8    8    8    2    1    1    0    0    1    1    1 |       8       8 |    2048    2048 |   OK     10 ms |     49.75 ms |       9.87 |   2762.5 |           13.9 |     results match |
|    3 |   578 |    0   16   16   32    8    8    8    8    2    1    2    0    0    0    0    1 |       8       8 |    2048    2048 |   OK     10 ms |     49.40 ms |       9.62 |   2781.5 |           14.3 |     results match |
|    4 |   578 |    0   16   16   32    8    8    8    8    2    1    2    0    0    1    1    1 |       8       8 |    2048    2048 |   OK     11 ms |     39.91 ms |       7.98 |   3443.5 |           17.2 |     results match |
|    5 |   578 |    0   16   16   32    8    8    8    8    2    2    1    0    0    0    0    1 |       8       8 |    2048    2048 |   OK     15 ms |     43.07 ms |       8.48 |   3190.8 |           16.2 |     results match |
|    6 |   578 |    0   16   16   32    8    8    8    8    2    2    1    0    0    1    1    1 |       8       8 |    2048    2048 |   OK     10 ms |     38.24 ms |       7.56 |   3593.2 |           18.2 |     results match |
|    7 |   578 |    0   16   16   32    8    8    8    8    2    2    2    0    0    0    0    1 |       8       8 |    2048    2048 |   OK      9 ms |     34.73 ms |       6.90 |   3956.4 |           19.9 |     results match |
|    8 |   578 |    0   16   16   32    8    8    8    8    2    2    2    0    0    1    1    1 |       8       8 |    2048    2048 |   OK     12 ms |     35.70 ms |       7.07 |   3849.0 |           19.4 |     results match |
|    9 |   578 |    0   16   16   32    8   16    8   16    2    1    1    0    0    0    0    1 |       8      16 |    2048    4096 |   OK     10 ms |     68.71 ms |      13.65 |   2000.0 |           10.1 |     results match |
|   10 |   578 |    0   16   16   32    8   16    8   16    2    1    1    0    0    1    1    1 |       8      16 |    2048    4096 |   OK     10 ms |     54.00 ms |      10.77 |   2544.8 |           12.8 |     results match |
|   11 |   578 |    0   16   16   32    8   16    8   16    2    2    1    0    0    0    0    1 |       8      16 |    2048    4096 |   OK      9 ms |     48.20 ms |       9.60 |   2850.8 |           14.3 |     results match |
|   12 |   578 |    0   16   16   32    8   16    8   16    2    2    1    0    0    1    1    1 |       8      16 |    2048    4096 |   OK     10 ms |     48.20 ms |       9.56 |   2851.2 |           14.4 |     results match |
|   13 |   578 |    0   16   16   32   16    8   16    8    2    1    1    0    0    0    0    1 |      16       8 |    4096    2048 |   OK      9 ms |     67.03 ms |      13.28 |   2050.1 |           10.3 |     results match |
|   14 |   578 |    0   16   16   32   16    8   16    8    2    1    1    0    0    1    1    1 |      16       8 |    4096    2048 |   OK      9 ms |     54.17 ms |      10.78 |   2537.1 |           12.7 |     results match |
|   15 |   578 |    0   16   16   32   16    8   16    8    2    1    2    0    0    0    0    1 |      16       8 |    4096    2048 |   OK     13 ms |     50.90 ms |      10.03 |   2699.9 |           13.7 |     results match |
|   16 |   578 |    0   16   16   32   16    8   16    8    2    1    2    0    0    1    1    1 |      16       8 |    4096    2048 |   OK      9 ms |     40.97 ms |       8.15 |   3353.8 |           16.9 |     results match |
|   17 |   578 |    0   16   16   32   16   16   16   16    2    1    1    0    0    0    0    1 |      16      16 |    4096    4096 |   OK     11 ms |     83.83 ms |      16.71 |   1639.4 |            8.2 |     results match |
|   18 |   578 |    0   16   16   32   16   16   16   16    2    1    1    0    0    1    1    1 |      16      16 |    4096    4096 |   OK      9 ms |     58.56 ms |      11.67 |   2346.9 |           11.8 |     results match |
|   19 |   578 |    0   16   32   32    8    8    8    8    2    1    1    0    0    0    0    1 |       8       8 |    2048    1024 |   OK     10 ms |     32.44 ms |       6.41 |   4235.8 |           21.4 |     results match |
|   20 |   578 |    0   16   32   32    8    8    8    8    2    1    1    0    0    1    1    1 |       8       8 |    2048    1024 |   OK      9 ms |     36.03 ms |       7.16 |   3813.8 |           19.2 |     results match |
|   21 |   578 |    0   16   32   32    8    8    8    8    2    1    2    0    0    0    0    1 |       8       8 |    2048    1024 |   OK      9 ms |     29.11 ms |       5.71 |   4720.7 |           24.1 |     results match |
|   22 |   578 |    0   16   32   32    8    8    8    8    2    1    2    0    0    1    1    1 |       8       8 |    2048    1024 |   OK     14 ms |     27.83 ms |       5.50 |   4938.6 |           25.0 |     results match |
|   23 |   578 |    0   16   32   32    8    8    8    8    2    1    4    0    0    0    0    1 |       8       8 |    2048    1024 |   OK      9 ms |     24.24 ms |       4.78 |   5669.6 |           28.7 |     results match |
|   24 |   578 |    0   16   32   32    8    8    8    8    2    1    4    0    0    1    1    1 |       8       8 |    2048    1024 |   OK     10 ms |     25.15 ms |       5.02 |   5464.4 |           27.4 |     results match |
|   25 |   578 |    0   16   32   32    8    8    8    8    2    2    1    0    0    0    0    1 |       8       8 |    2048    1024 |   OK     10 ms |     30.80 ms |       6.07 |   4461.5 |           22.6 |     results match |
|   26 |   578 |    0   16   32   32    8    8    8    8    2    2    1    0    0    1    1    1 |       8       8 |    2048    1024 |   OK      8 ms |     27.22 ms |       5.39 |   5048.5 |           25.5 |     results match |
|   27 |   578 |    0   16   32   32    8    8    8    8    2    2    2    0    0    0    0    1 |       8       8 |    2048    1024 |   OK      8 ms |     29.77 ms |       5.88 |   4616.8 |           23.4 |     results match |
|   28 |   578 |    0   16   32   32    8    8    8    8    2    2    2    0    0    1    1    1 |       8       8 |    2048    1024 |   OK      8 ms |     25.21 ms |       5.02 |   5451.9 |           27.3 |     results match |
|   29 |   578 |    0   16   32   32    8    8    8    8    2    2    4    0    0    0    0    1 |       8       8 |    2048    1024 |   OK      9 ms |     22.46 ms |       4.40 |   6117.4 |           31.2 |     results match |
|   30 |   578 |    0   16   32   32    8    8    8    8    2    2    4    0    0    1    1    1 |       8       8 |    2048    1024 |   OK      9 ms |     22.85 ms |       4.53 |   6013.6 |           30.3 |     results match |
|   31 |   578 |    0   16   32   32    8   16    8   16    2    1    1    0    0    0    0    1 |       8      16 |    2048    2048 |   OK      9 ms |     45.44 ms |       9.04 |   3024.2 |           15.2 |     results match |
|   32 |   578 |    0   16   32   32    8   16    8   16    2    1    1    0    0    1    1    1 |       8      16 |    2048    2048 |   OK      8 ms |     37.11 ms |       7.33 |   3702.7 |           18.7 |     results match |
|   33 |   578 |    0   16   32   32    8   16    8   16    2    1    2    0    0    0    0    1 |       8      16 |    2048    2048 |   OK      9 ms |     36.17 ms |       7.14 |   3799.6 |           19.2 |     results match |
|   34 |   578 |    0   16   32   32    8   16    8   16    2    1    2    0    0    1    1    1 |       8      16 |    2048    2048 |   OK      9 ms |     29.91 ms |       5.88 |   4594.1 |           23.4 |     results match |
|   35 |   578 |    0   16   32   32    8   16    8   16    2    2    1    0    0    0    0    1 |       8      16 |    2048    2048 |   OK      8 ms |     38.62 ms |       7.60 |   3558.0 |           18.1 |     results match |
|   36 |   578 |    0   16   32   32    8   16    8   16    2    2    1    0    0    1    1    1 |       8      16 |    2048    2048 |   OK     10 ms |     28.52 ms |       5.65 |   4818.0 |           24.3 |     results match |
|   37 |   578 |    0   16   32   32    8   16    8   16    2    2    2    0    0    0    0    1 |       8      16 |    2048    2048 |   OK      8 ms |     31.09 ms |       6.16 |   4420.8 |           22.3 |     results match |
|   38 |   578 |    0   16   32   32    8   16    8   16    2    2    2    0    0    1    1    1 |       8      16 |    2048    2048 |   OK      9 ms |     26.95 ms |       5.35 |   5099.5 |           25.7 |     results match |
|   39 |   578 |    0   16   32   32    8   32    8   32    2    1    1    0    0    0    0    1 |       8      32 |    2048    4096 |   OK      9 ms |     60.46 ms |      12.04 |   2272.9 |           11.4 |     results match |
|   40 |   578 |    0   16   32   32    8   32    8   32    2    1    1    0    0    1    1    1 |       8      32 |    2048    4096 |   OK      9 ms |     42.25 ms |       8.39 |   3252.9 |           16.4 |     results match |
|   41 |   578 |    0   16   32   32    8   32    8   32    2    2    1    0    0    0    0    1 |       8      32 |    2048    4096 |   OK      8 ms |     44.62 ms |       8.82 |   3080.0 |           15.6 |     results match |
|   42 |   578 |    0   16   32   32    8   32    8   32    2    2    1    0    0    1    1    1 |       8      32 |    2048    4096 |   OK      9 ms |     39.94 ms |       7.86 |   3440.4 |           17.5 |     results match |
|   43 |   578 |    0   16   32   32   16    8   16    8    2    1    1    0    0    0    0    1 |      16       8 |    4096    1024 |   OK      9 ms |     50.36 ms |       9.94 |   2728.7 |           13.8 |     results match |
|   44 |   578 |    0   16   32   32   16    8   16    8    2    1    1    0    0    1    1    1 |      16       8 |    4096    1024 |   OK     10 ms |     43.34 ms |       8.55 |   3171.1 |           16.1 |     results match |
|   45 |   578 |    0   16   32   32   16    8   16    8    2    1    2    0    0    0    0    1 |      16       8 |    4096    1024 |   OK     10 ms |     37.67 ms |       7.41 |   3648.5 |           18.6 |     results match |
|   46 |   578 |    0   16   32   32   16    8   16    8    2    1    2    0    0    1    1    1 |      16       8 |    4096    1024 |   OK     10 ms |     30.68 ms |       6.04 |   4479.9 |           22.8 |     results match |
|   47 |   578 |    0   16   32   32   16    8   16    8    2    1    4    0    0    0    0    1 |      16       8 |    4096    1024 |   OK     10 ms |     33.66 ms |       6.62 |   4083.1 |           20.8 |     results match |
|   48 |   578 |    0   16   32   32   16    8   16    8    2    1    4    0    0    1    1    1 |      16       8 |    4096    1024 |   OK      9 ms |     27.34 ms |       5.38 |   5025.7 |           25.5 |     results match |
|   49 |   578 |    0   16   32   32   16   16   16   16    2    1    1    0    0    0    0    1 |      16      16 |    4096    2048 |   OK     11 ms |     60.14 ms |      11.96 |   2284.9 |           11.5 |     results match |
|   50 |   578 |    0   16   32   32   16   16   16   16    2    1    1    0    0    1    1    1 |      16      16 |    4096    2048 |   OK      9 ms |     44.45 ms |       8.76 |   3091.9 |           15.7 |     results match |
|   51 |   578 |    0   16   32   32   16   16   16   16    2    1    2    0    0    0    0    1 |      16      16 |    4096    2048 |   OK     11 ms |     44.41 ms |       8.73 |   3094.5 |           15.7 |     results match |
|   52 |   578 |    0   16   32   32   16   16   16   16    2    1    2    0    0    1    1    1 |      16      16 |    4096    2048 |   OK     10 ms |     32.21 ms |       6.41 |   4265.9 |           21.4 |     results match |
|   53 |   578 |    0   16   32   32   16   32   16   32    2    1    1    0    0    0    0    1 |      16      32 |    4096    4096 |   OK      9 ms |     76.14 ms |      15.13 |   1805.0 |            9.1 |     results match |
|   54 |   578 |    0   16   32   32   16   32   16   32    2    1    1    0    0    1    1    1 |      16      32 |    4096    4096 |   OK      8 ms |     51.17 ms |      10.21 |   2685.8 |           13.5 |     results match |
|   55 |   578 |    0   16   64   32    8    8    8    8    2    1    1    0    0    0    0    1 |       8       8 |    2048     512 |   OK     16 ms |     26.70 ms |       5.25 |   5147.6 |           26.2 |     results match |
|   56 |   578 |    0   16   64   32    8    8    8    8    2    1    1    0    0    1    1    1 |       8       8 |    2048     512 |   OK      9 ms |     38.34 ms |       7.50 |   3583.9 |           18.3 |     results match |
|   57 |   578 |    0   16   64   32    8    8    8    8    2    1    2    0    0    0    0    1 |       8       8 |    2048     512 |   OK     10 ms |     24.25 ms |       4.81 |   5667.5 |           28.6 |     results match |
|   58 |   578 |    0   16   64   32    8    8    8    8    2    1    2    0    0    1    1    1 |       8       8 |    2048     512 |   OK      9 ms |     25.80 ms |       5.11 |   5327.1 |           26.9 |     results match |
|   59 |   578 |    0   16   64   32    8    8    8    8    2    1    4    0    0    0    0    1 |       8       8 |    2048     512 |   OK      9 ms |     23.48 ms |       4.65 |   5853.7 |           29.6 |     results match |
|   60 |   578 |    0   16   64   32    8    8    8    8    2    1    4    0    0    1    1    1 |       8       8 |    2048     512 |   OK      8 ms |     21.93 ms |       4.36 |   6266.2 |           31.5 |     results match |
|   61 |   578 |    0   16   64   32    8    8    8    8    2    2    1    0    0    0    0    1 |       8       8 |    2048     512 |   OK     14 ms |     25.07 ms |       4.94 |   5481.2 |           27.8 |     results match |
|   62 |   578 |    0   16   64   32    8    8    8    8    2    2    1    0    0    1    1    1 |       8       8 |    2048     512 |   OK      9 ms |     27.78 ms |       5.50 |   4947.7 |           25.0 |     results match |
|   63 |   578 |    0   16   64   32    8    8    8    8    2    2    2    0    0    0    0    1 |       8       8 |    2048     512 |   OK     12 ms |     22.50 ms |       4.45 |   6108.1 |           30.9 |     results match |
|   64 |   578 |    0   16   64   32    8    8    8    8    2    2    2    0    0    1    1    1 |       8       8 |    2048     512 |   OK      9 ms |     24.83 ms |       4.89 |   5535.3 |           28.1 |     results match |
|   65 |   578 |    0   16   64   32    8    8    8    8    2    2    4    0    0    0    0    1 |       8       8 |    2048     512 |   OK     10 ms |     20.99 ms |       4.15 |   6547.5 |           33.1 |     results match |
|   66 |   578 |    0   16   64   32    8    8    8    8    2    2    4    0    0    1    1    1 |       8       8 |    2048     512 |   OK      9 ms |     20.65 ms |       4.10 |   6653.6 |           33.5 |     results match |
|   67 |   578 |    0   16   64   32    8   16    8   16    2    1    1    0    0    0    0    1 |       8      16 |    2048    1024 |   OK      8 ms |     30.57 ms |       6.03 |   4495.7 |           22.8 |     results match |
|   68 |   578 |    0   16   64   32    8   16    8   16    2    1    1    0    0    1    1    1 |       8      16 |    2048    1024 |   OK      9 ms |     32.29 ms |       6.37 |   4255.9 |           21.6 |     results match |
|   69 |   578 |    0   16   64   32    8   16    8   16    2    1    2    0    0    0    0    1 |       8      16 |    2048    1024 |   OK     10 ms |     25.78 ms |       5.06 |   5330.5 |           27.2 |     results match |
|   70 |   578 |    0   16   64   32    8   16    8   16    2    1    2    0    0    1    1    1 |       8      16 |    2048    1024 |   OK      9 ms |     24.17 ms |       4.74 |   5685.9 |           29.0 |     results match |
|   71 |   578 |    0   16   64   32    8   16    8   16    2    1    4    0    0    0    0    1 |       8      16 |    2048    1024 |   OK     10 ms |     22.72 ms |       4.46 |   6048.3 |           30.8 |     results match |
|   72 |   578 |    0   16   64   32    8   16    8   16    2    1    4    0    0    1    1    1 |       8      16 |    2048    1024 |   OK      9 ms |     21.28 ms |       4.21 |   6458.4 |           32.6 |     results match |
|   73 |   578 |    0   16   64   32    8   16    8   16    2    2    1    0    0    0    0    1 |       8      16 |    2048    1024 |   OK     13 ms |     29.94 ms |       5.89 |   4589.4 |           23.3 |     results match |
|   74 |   578 |    0   16   64   32    8   16    8   16    2    2    1    0    0    1    1    1 |       8      16 |    2048    1024 |   OK     10 ms |     24.59 ms |       4.83 |   5587.6 |           28.5 |     results match |
|   75 |   578 |    0   16   64   32    8   16    8   16    2    2    2    0    0    0    0    1 |       8      16 |    2048    1024 |   OK      9 ms |     27.93 ms |       5.51 |   4920.0 |           24.9 |     results match |
|   76 |   578 |    0   16   64   32    8   16    8   16    2    2    2    0    0    1    1    1 |       8      16 |    2048    1024 |   OK      9 ms |     22.44 ms |       4.43 |   6122.8 |           31.0 |     results match |
|   77 |   578 |    0   16   64   32    8   16    8   16    2    2    4    0    0    0    0    1 |       8      16 |    2048    1024 |   OK     10 ms |     21.43 ms |       4.22 |   6413.3 |           32.6 |     results match |
|   78 |   578 |    0   16   64   32    8   16    8   16    2    2    4    0    0    1    1    1 |       8      16 |    2048    1024 |   OK     12 ms |     19.86 ms |       3.96 |   6920.1 |           34.7 |     results match |
|   79 |   578 |    0   16   64   32    8   32    8   32    2    1    1    0    0    0    0    1 |       8      32 |    2048    2048 |   OK      9 ms |     39.67 ms |       7.82 |   3464.4 |           17.6 |     results match |
|   80 |   578 |    0   16   64   32    8   32    8   32    2    1    1    0    0    1    1    1 |       8      32 |    2048    2048 |   OK     10 ms |     32.24 ms |       6.37 |   4262.3 |           21.6 |     results match |
|   81 |   578 |    0   16   64   32    8   32    8   32    2    1    2    0    0    0    0    1 |       8      32 |    2048    2048 |   OK     10 ms |     33.18 ms |       6.60 |   4141.1 |           20.8 |     results match |
|   82 |   578 |    0   16   64   32    8   32    8   32    2    1    2    0    0    1    1    1 |       8      32 |    2048    2048 |   OK      9 ms |     25.73 ms |       5.05 |   5340.7 |           27.2 |     results match |
|   83 |   578 |    0   16   64   32    8   32    8   32    2    2    1    0    0    0    0    1 |       8      32 |    2048    2048 |   OK      9 ms |     35.58 ms |       6.99 |   3862.7 |           19.6 |     results match |
|   84 |   578 |    0   16   64   32    8   32    8   32    2    2    1    0    0    1    1    1 |       8      32 |    2048    2048 |   OK      9 ms |     25.13 ms |       5.00 |   5467.8 |           27.5 |     results match |
|   85 |   578 |    0   16   64   32    8   32    8   32    2    2    2    0    0    0    0    1 |       8      32 |    2048    2048 |   OK      9 ms |     28.84 ms |       5.72 |   4765.2 |           24.0 |     results match |
|   86 |   578 |    0   16   64   32    8   32    8   32    2    2    2    0    0    1    1    1 |       8      32 |    2048    2048 |   OK      9 ms |     23.85 ms |       4.70 |   5762.9 |           29.2 |     results match |
|   87 |   578 |    0   16   64   32   16    8   16    8    2    1    1    0    0    0    0    1 |      16       8 |    4096     512 |   OK      8 ms |     41.92 ms |       8.24 |   3278.1 |           16.7 |     results match |
|   88 |   578 |    0   16   64   32   16    8   16    8    2    1    1    0    0    1    1    1 |      16       8 |    4096     512 |   OK      9 ms |     45.77 ms |       8.97 |   3002.7 |           15.3 |     results match |
|   89 |   578 |    0   16   64   32   16    8   16    8    2    1    2    0    0    0    0    1 |      16       8 |    4096     512 |   OK     10 ms |     31.81 ms |       6.25 |   4320.6 |           22.0 |     results match |
|   90 |   578 |    0   16   64   32   16    8   16    8    2    1    2    0    0    1    1    1 |      16       8 |    4096     512 |   OK     10 ms |     28.81 ms |       5.68 |   4769.5 |           24.2 |     results match |
|   91 |   578 |    0   16   64   32   16    8   16    8    2    1    4    0    0    0    0    1 |      16       8 |    4096     512 |   OK     10 ms |     29.84 ms |       5.90 |   4605.8 |           23.3 |     results match |
|   92 |   578 |    0   16   64   32   16    8   16    8    2    1    4    0    0    1    1    1 |      16       8 |    4096     512 |   OK      9 ms |     24.47 ms |       4.80 |   5615.0 |           28.6 |     results match |
|   93 |   578 |    0   16   64   32   16   16   16   16    2    1    1    0    0    0    0    1 |      16      16 |    4096    1024 |   OK      8 ms |     45.77 ms |       9.05 |   3002.2 |           15.2 |     results match |
|   94 |   578 |    0   16   64   32   16   16   16   16    2    1    1    0    0    1    1    1 |      16      16 |    4096    1024 |   OK      8 ms |     40.51 ms |       8.00 |   3392.0 |           17.2 |     results match |
|   95 |   578 |    0   16   64   32   16   16   16   16    2    1    2    0    0    0    0    1 |      16      16 |    4096    1024 |   OK      8 ms |     37.53 ms |       7.41 |   3661.9 |           18.6 |     results match |
|   96 |   578 |    0   16   64   32   16   16   16   16    2    1    2    0    0    1    1    1 |      16      16 |    4096    1024 |   OK     10 ms |     27.43 ms |       5.46 |   5009.1 |           25.2 |     results match |
|   97 |   578 |    0   16   64   32   16   16   16   16    2    1    4    0    0    0    0    1 |      16      16 |    4096    1024 |   OK      9 ms |     32.39 ms |       6.42 |   4243.2 |           21.4 |     results match |
|   98 |   578 |    0   16   64   32   16   16   16   16    2    1    4    0    0    1    1    1 |      16      16 |    4096    1024 |   OK     11 ms |     24.51 ms |       4.84 |   5607.8 |           28.4 |     results match |
|   99 |   578 |    0   16   64   32   16   32   16   32    2    1    1    0    0    0    0    1 |      16      32 |    4096    2048 |   OK     10 ms |     57.06 ms |      11.37 |   2408.2 |           12.1 |     results match |
|  100 |   578 |    0   16   64   32   16   32   16   32    2    1    1    0    0    1    1    1 |      16      32 |    4096    2048 |   OK     10 ms |     40.86 ms |       8.10 |   3363.3 |           17.0 |     results match |
|  101 |   578 |    0   16   64   32   16   32   16   32    2    1    2    0    0    0    0    1 |      16      32 |    4096    2048 |   OK     10 ms |     42.48 ms |       8.38 |   3235.1 |           16.4 |     results match |
|  102 |   578 |    0   16   64   32   16   32   16   32    2    1    2    0    0    1    1    1 |      16      32 |    4096    2048 |   OK      9 ms |     29.45 ms |       5.87 |   4666.5 |           23.4 |     results match |
|  103 |   578 |    0   32   16   32    8    8    8    8    2    1    1    0    0    0    0    1 |       8       8 |    1024    2048 |   OK      9 ms |     34.22 ms |       6.76 |   4015.8 |           20.3 |     results match |
|  104 |   578 |    0   32   16   32    8    8    8    8    2    1    1    0    0    1    1    1 |       8       8 |    1024    2048 |   OK      9 ms |     37.57 ms |       7.47 |   3657.7 |           18.4 |     results match |
|  105 |   578 |    0   32   16   32    8    8    8    8    2    1    2    0    0    0    0    1 |       8       8 |    1024    2048 |   OK     10 ms |     30.20 ms |       5.95 |   4549.8 |           23.1 |     results match |
|  106 |   578 |    0   32   16   32    8    8    8    8    2    1    2    0    0    1    1    1 |       8       8 |    1024    2048 |   OK     11 ms |     32.87 ms |       6.55 |   4181.0 |           21.0 |     results match |
|  107 |   578 |    0   32   16   32    8    8    8    8    2    2    1    0    0    0    0    1 |       8       8 |    1024    2048 |   OK     12 ms |     32.48 ms |       6.42 |   4230.8 |           21.4 |     results match |
|  108 |   578 |    0   32   16   32    8    8    8    8    2    2    1    0    0    1    1    1 |       8       8 |    1024    2048 |   OK      8 ms |     29.51 ms |       5.87 |   4656.4 |           23.4 |     results match |
|  109 |   578 |    0   32   16   32    8    8    8    8    2    2    2    0    0    0    0    1 |       8       8 |    1024    2048 |   OK     10 ms |     28.06 ms |       5.53 |   4896.9 |           24.8 |     results match |
|  110 |   578 |    0   32   16   32    8    8    8    8    2    2    2    0    0    1    1    1 |       8       8 |    1024    2048 |   OK      9 ms |     28.37 ms |       5.59 |   4843.1 |           24.6 |     results match |
|  111 |   578 |    0   32   16   32    8    8    8    8    2    4    1    0    0    0    0    1 |       8       8 |    1024    2048 |   OK      9 ms |     27.64 ms |       5.43 |   4971.8 |           25.3 |     results match |
|  112 |   578 |    0   32   16   32    8    8    8    8    2    4    1    0    0    1    1    1 |       8       8 |    1024    2048 |   OK     10 ms |     27.68 ms |       5.48 |   4964.3 |           25.1 |     results match |
|  113 |   578 |    0   32   16   32    8    8    8    8    2    4    2    0    0    0    0    1 |       8       8 |    1024    2048 |   OK     10 ms |     24.42 ms |       4.81 |   5627.4 |           28.6 |     results match |
|  114 |   578 |    0   32   16   32    8    8    8    8    2    4    2    0    0    1    1    1 |       8       8 |    1024    2048 |   OK      9 ms |     26.24 ms |       5.21 |   5237.1 |           26.4 |     results match |
|  115 |   578 |    0   32   16   32    8   16    8   16    2    1    1    0    0    0    0    1 |       8      16 |    1024    4096 |   OK      9 ms |     47.34 ms |       9.34 |   2902.8 |           14.7 |     results match |
|  116 |   578 |    0   32   16   32    8   16    8   16    2    1    1    0    0    1    1    1 |       8      16 |    1024    4096 |   OK      9 ms |     44.09 ms |       8.77 |   3117.1 |           15.7 |     results match |
|  117 |   578 |    0   32   16   32    8   16    8   16    2    2    1    0    0    0    0    1 |       8      16 |    1024    4096 |   OK      9 ms |     37.20 ms |       7.33 |   3694.4 |           18.8 |     results match |
|  118 |   578 |    0   32   16   32    8   16    8   16    2    2    1    0    0    1    1    1 |       8      16 |    1024    4096 |   OK     10 ms |     39.16 ms |       7.72 |   3509.4 |           17.8 |     results match |
|  119 |   578 |    0   32   16   32    8   16    8   16    2    4    1    0    0    0    0    1 |       8      16 |    1024    4096 |   OK      9 ms |     36.38 ms |       7.15 |   3777.1 |           19.2 |     results match |
|  120 |   578 |    0   32   16   32    8   16    8   16    2    4    1    0    0    1    1    1 |       8      16 |    1024    4096 |   OK      9 ms |     37.15 ms |       7.38 |   3699.5 |           18.6 |     results match |
|  121 |   578 |    0   32   16   32   16    8   16    8    2    1    1    0    0    0    0    1 |      16       8 |    2048    2048 |   OK     10 ms |     46.20 ms |       9.14 |   2974.2 |           15.0 |     results match |
|  122 |   578 |    0   32   16   32   16    8   16    8    2    1    1    0    0    1    1    1 |      16       8 |    2048    2048 |   OK      9 ms |     38.37 ms |       7.57 |   3581.5 |           18.2 |     results match |
|  123 |   578 |    0   32   16   32   16    8   16    8    2    1    2    0    0    0    0    1 |      16       8 |    2048    2048 |   OK     11 ms |     36.79 ms |       7.27 |   3734.8 |           18.9 |     results match |
|  124 |   578 |    0   32   16   32   16    8   16    8    2    1    2    0    0    1    1    1 |      16       8 |    2048    2048 |   OK     10 ms |     31.59 ms |       6.27 |   4350.5 |           21.9 |     results match |
|  125 |   578 |    0   32   16   32   16    8   16    8    2    2    1    0    0    0    0    1 |      16       8 |    2048    2048 |   OK      8 ms |     39.70 ms |       7.81 |   3461.1 |           17.6 |     results match |
|  126 |   578 |    0   32   16   32   16    8   16    8    2    2    1    0    0    1    1    1 |      16       8 |    2048    2048 |   OK      9 ms |     30.02 ms |       5.91 |   4578.2 |           23.3 |     results match |
|  127 |   578 |    0   32   16   32   16    8   16    8    2    2    2    0    0    0    0    1 |      16       8 |    2048    2048 |   OK      9 ms |     32.33 ms |       6.38 |   4250.6 |           21.5 |     results match |
|  128 |   578 |    0   32   16   32   16    8   16    8    2    2    2    0    0    1    1    1 |      16       8 |    2048    2048 |   OK      9 ms |     28.56 ms |       5.62 |   4811.4 |           24.5 |     results match |
|  129 |   578 |    0   32   16   32   16   16   16   16    2    1    1    0    0    0    0    1 |      16      16 |    2048    4096 |   OK      9 ms |     62.27 ms |      12.27 |   2207.0 |           11.2 |     results match |
|  130 |   578 |    0   32   16   32   16   16   16   16    2    1    1    0    0    1    1    1 |      16      16 |    2048    4096 |   OK     10 ms |     45.64 ms |       9.01 |   3011.3 |           15.3 |     results match |
|  131 |   578 |    0   32   16   32   16   16   16   16    2    2    1    0    0    0    0    1 |      16      16 |    2048    4096 |   OK      9 ms |     46.26 ms |       9.17 |   2970.9 |           15.0 |     results match |
|  132 |   578 |    0   32   16   32   16   16   16   16    2    2    1    0    0    1    1    1 |      16      16 |    2048    4096 |   OK      9 ms |     41.74 ms |       8.29 |   3292.2 |           16.6 |     results match |
|  133 |   578 |    0   32   16   32   32    8   32    8    2    1    1    0    0    0    0    1 |      32       8 |    4096    2048 |   OK     11 ms |     61.72 ms |      12.18 |   2226.5 |           11.3 |     results match |
|  134 |   578 |    0   32   16   32   32    8   32    8    2    1    1    0    0    1    1    1 |      32       8 |    4096    2048 |   OK     11 ms |     44.49 ms |       8.75 |   3088.8 |           15.7 |     results match |
|  135 |   578 |    0   32   16   32   32    8   32    8    2    1    2    0    0    0    0    1 |      32       8 |    4096    2048 |   OK     11 ms |     45.96 ms |       9.09 |   2990.2 |           15.1 |     results match |
|  136 |   578 |    0   32   16   32   32    8   32    8    2    1    2    0    0    1    1    1 |      32       8 |    4096    2048 |   OK     13 ms |     34.21 ms |       6.72 |   4017.6 |           20.4 |     results match |
|  137 |   578 |    0   32   16   32   32   16   32   16    2    1    1    0    0    0    0    1 |      32      16 |    4096    4096 |   OK     10 ms |     78.09 ms |      15.36 |   1759.8 |            8.9 |     results match |
|  138 |   578 |    0   32   16   32   32   16   32   16    2    1    1    0    0    1    1    1 |      32      16 |    4096    4096 |   OK     11 ms |     53.40 ms |      10.51 |   2573.3 |           13.1 |     results match |
|  139 |   578 |    0   32   32   32    8    8    8    8    2    1    1    0    0    0    0    1 |       8       8 |    1024    1024 |   OK     10 ms |     26.12 ms |       5.14 |   5260.7 |           26.7 |     results match |
|  140 |   578 |    0   32   32   32    8    8    8    8    2    1    1    0    0    1    1    1 |       8       8 |    1024    1024 |   OK      9 ms |     25.61 ms |       5.04 |   5366.5 |           27.3 |     results match |
|  141 |   578 |    0   32   32   32    8    8    8    8    2    1    2    0    0    0    0    1 |       8       8 |    1024    1024 |   OK      9 ms |     24.88 ms |       4.90 |   5524.2 |           28.0 |     results match |
|  142 |   578 |    0   32   32   32    8    8    8    8    2    1    2    0    0    1    1    1 |       8       8 |    1024    1024 |   OK      9 ms |     22.02 ms |       4.35 |   6239.6 |           31.6 |     results match |
|  143 |   578 |    0   32   32   32    8    8    8    8    2    1    4    0    0    0    0    1 |       8       8 |    1024    1024 |   OK      9 ms |     20.39 ms |       4.03 |   6739.4 |           34.1 |     results match |
|  144 |   578 |    0   32   32   32    8    8    8    8    2    1    4    0    0    1    1    1 |       8       8 |    1024    1024 |   OK      9 ms |     20.84 ms |       4.11 |   6594.8 |           33.5 |     results match |
|  145 |   578 |    0   32   32   32    8    8    8    8    2    2    1    0    0    0    0    1 |       8       8 |    1024    1024 |   OK      9 ms |     24.62 ms |       4.87 |   5582.3 |           28.2 |     results match |
|  146 |   578 |    0   32   32   32    8    8    8    8    2    2    1    0    0    1    1    1 |       8       8 |    1024    1024 |   OK     10 ms |     20.53 ms |       4.07 |   6692.9 |           33.7 |     results match |
|  147 |   578 |    0   32   32   32    8    8    8    8    2    2    2    0    0    0    0    1 |       8       8 |    1024    1024 |   OK     10 ms |     22.82 ms |       4.49 |   6022.4 |           30.6 |     results match |
|  148 |   578 |    0   32   32   32    8    8    8    8    2    2    2    0    0    1    1    1 |       8       8 |    1024    1024 |   OK     10 ms |     19.61 ms |       3.89 |   7006.5 |           35.3 |     results match |
|  149 |   578 |    0   32   32   32    8    8    8    8    2    2    4    0    0    0    0    1 |       8       8 |    1024    1024 |   OK     10 ms |     20.13 ms |       3.97 |   6827.2 |           34.6 |     results match |
|  150 |   578 |    0   32   32   32    8    8    8    8    2    2    4    0    0    1    1    1 |       8       8 |    1024    1024 |   OK      9 ms |     18.65 ms |       3.68 |   7369.7 |           37.3 |     results match |
|  151 |   578 |    0   32   32   32    8    8    8    8    2    4    1    0    0    0    0    1 |       8       8 |    1024    1024 |   OK      8 ms |     21.86 ms |       4.33 |   6286.1 |           31.8 |     results match |
|  152 |   578 |    0   32   32   32    8    8    8    8    2    4    1    0    0    1    1    1 |       8       8 |    1024    1024 |   OK     10 ms |     18.90 ms |       3.71 |   7272.0 |           37.0 |     results match |
|  153 |   578 |    0   32   32   32    8    8    8    8    2    4    2    0    0    0    0    1 |       8       8 |    1024    1024 |   OK      9 ms |     21.52 ms |       4.24 |   6386.5 |           32.4 |     results match |
|  154 |   578 |    0   32   32   32    8    8    8    8    2    4    2    0    0    1    1    1 |       8       8 |    1024    1024 |   OK      9 ms |     18.17 ms |       3.58 |   7562.1 |           38.4 |     results match |
|  155 |   578 |    0   32   32   32    8    8    8    8    2    4    4    0    0    0    0    1 |       8       8 |    1024    1024 |   OK      9 ms |     19.04 ms |       3.77 |   7216.7 |           36.4 |     results match |
|  156 |   578 |    0   32   32   32    8    8    8    8    2    4    4    0    0    1    1    1 |       8       8 |    1024    1024 |   OK      8 ms |     17.42 ms |       3.45 |   7888.3 |           39.9 |     results match |
|  157 |   578 |    0   32   32   32    8   16    8   16    2    1    1    0    0    0    0    1 |       8      16 |    1024    2048 |   OK      8 ms |     30.96 ms |       6.10 |   4439.3 |           22.5 |     results match |
|  158 |   578 |    0   32   32   32    8   16    8   16    2    1    1    0    0    1    1    1 |       8      16 |    1024    2048 |   OK     10 ms |     28.20 ms |       5.58 |   4872.8 |           24.6 |     results match |
|  159 |   578 |    0   32   32   32    8   16    8   16    2    1    2    0    0    0    0    1 |       8      16 |    1024    2048 |   OK      9 ms |     27.15 ms |       5.37 |   5062.3 |           25.6 |     results match |
|  160 |   578 |    0   32   32   32    8   16    8   16    2    1    2    0    0    1    1    1 |       8      16 |    1024    2048 |   OK      8 ms |     24.69 ms |       4.87 |   5565.6 |           28.2 |     results match |
|  161 |   578 |    0   32   32   32    8   16    8   16    2    2    1    0    0    0    0    1 |       8      16 |    1024    2048 |   OK      8 ms |     29.02 ms |       5.73 |   4736.2 |           24.0 |     results match |
|  162 |   578 |    0   32   32   32    8   16    8   16    2    2    1    0    0    1    1    1 |       8      16 |    1024    2048 |   OK      9 ms |     22.75 ms |       4.51 |   6040.3 |           30.5 |     results match |
|  163 |   578 |    0   32   32   32    8   16    8   16    2    2    2    0    0    0    0    1 |       8      16 |    1024    2048 |   OK      8 ms |     24.63 ms |       4.85 |   5580.0 |           28.3 |     results match |
|  164 |   578 |    0   32   32   32    8   16    8   16    2    2    2    0    0    1    1    1 |       8      16 |    1024    2048 |   OK      9 ms |     22.17 ms |       4.40 |   6197.3 |           31.2 |     results match |
|  165 |   578 |    0   32   32   32    8   16    8   16    2    4    1    0    0    0    0    1 |       8      16 |    1024    2048 |   OK      9 ms |     27.24 ms |       5.35 |   5045.4 |           25.7 |     results match |
|  166 |   578 |    0   32   32   32    8   16    8   16    2    4    1    0    0    1    1    1 |       8      16 |    1024    2048 |   OK     10 ms |     21.97 ms |       4.32 |   6255.6 |           31.8 |     results match |
|  167 |   578 |    0   32   32   32    8   16    8   16    2    4    2    0    0    0    0    1 |       8      16 |    1024    2048 |   OK      9 ms |     22.66 ms |       4.46 |   6065.1 |           30.8 |     results match |
|  168 |   578 |    0   32   32   32    8   16    8   16    2    4    2    0    0    1    1    1 |       8      16 |    1024    2048 |   OK     10 ms |     21.48 ms |       4.27 |   6399.1 |           32.2 |     results match |
|  169 |   578 |    0   32   32   32    8   32    8   32    2    1    1    0    0    0    0    1 |       8      32 |    1024    4096 |   OK      9 ms |     45.27 ms |       8.95 |   3035.9 |           15.4 |     results match |
|  170 |   578 |    0   32   32   32    8   32    8   32    2    1    1    0    0    1    1    1 |       8      32 |    1024    4096 |   OK      9 ms |     35.78 ms |       7.06 |   3840.8 |           19.5 |     results match |
|  171 |   578 |    0   32   32   32    8   32    8   32    2    2    1    0    0    0    0    1 |       8      32 |    1024    4096 |   OK      9 ms |     33.57 ms |       6.62 |   4094.2 |           20.8 |     results match |
|  172 |   578 |    0   32   32   32    8   32    8   32    2    2    1    0    0    1    1    1 |       8      32 |    1024    4096 |   OK      8 ms |     32.93 ms |       6.50 |   4173.6 |           21.1 |     results match |
|  173 |   578 |    0   32   32   32    8   32    8   32    2    4    1    0    0    0    0    1 |       8      32 |    1024    4096 |   OK     12 ms |     33.89 ms |       6.69 |   4054.9 |           20.6 |     results match |
|  174 |   578 |    0   32   32   32    8   32    8   32    2    4    1    0    0    1    1    1 |       8      32 |    1024    4096 |   OK     10 ms |     32.11 ms |       6.33 |   4279.4 |           21.7 |     results match |
|  175 |   578 |    0   32   32   32   16    8   16    8    2    1    1    0    0    0    0    1 |      16       8 |    2048    1024 |   OK     10 ms |     30.88 ms |       6.08 |   4450.8 |           22.6 |     results match |
|  176 |   578 |    0   32   32   32   16    8   16    8    2    1    1    0    0    1    1    1 |      16       8 |    2048    1024 |   OK      8 ms |     28.25 ms |       5.56 |   4865.3 |           24.7 |     results match |
|  177 |   578 |    0   32   32   32   16    8   16    8    2    1    2    0    0    0    0    1 |      16       8 |    2048    1024 |   OK      9 ms |     26.07 ms |       5.15 |   5271.3 |           26.7 |     results match |
|  178 |   578 |    0   32   32   32   16    8   16    8    2    1    2    0    0    1    1    1 |      16       8 |    2048    1024 |   OK     10 ms |     22.16 ms |       4.35 |   6200.2 |           31.6 |     results match |
|  179 |   578 |    0   32   32   32   16    8   16    8    2    1    4    0    0    0    0    1 |      16       8 |    2048    1024 |   OK     10 ms |     23.20 ms |       4.58 |   5922.2 |           30.0 |     results match |
|  180 |   578 |    0   32   32   32   16    8   16    8    2    1    4    0    0    1    1    1 |      16       8 |    2048    1024 |   OK      9 ms |     20.48 ms |       4.03 |   6709.0 |           34.1 |     results match |
|  181 |   578 |    0   32   32   32   16    8   16    8    2    2    1    0    0    0    0    1 |      16       8 |    2048    1024 |   OK      8 ms |     29.91 ms |       5.90 |   4593.8 |           23.3 |     results match |
|  182 |   578 |    0   32   32   32   16    8   16    8    2    2    1    0    0    1    1    1 |      16       8 |    2048    1024 |   OK     10 ms |     21.60 ms |       4.25 |   6362.7 |           32.3 |     results match |
|  183 |   578 |    0   32   32   32   16    8   16    8    2    2    2    0    0    0    0    1 |      16       8 |    2048    1024 |   OK      9 ms |     28.69 ms |       5.65 |   4789.6 |           24.3 |     results match |
|  184 |   578 |    0   32   32   32   16    8   16    8    2    2    2    0    0    1    1    1 |      16       8 |    2048    1024 |   OK     11 ms |     20.33 ms |       4.05 |   6758.3 |           33.9 |     results match |
|  185 |   578 |    0   32   32   32   16    8   16    8    2    2    4    0    0    0    0    1 |      16       8 |    2048    1024 |   OK      9 ms |     22.31 ms |       4.39 |   6159.8 |           31.3 |     results match |
|  186 |   578 |    0   32   32   32   16    8   16    8    2    2    4    0    0    1    1    1 |      16       8 |    2048    1024 |   OK     11 ms |     18.91 ms |       3.72 |   7268.8 |           37.0 |     results match |
|  187 |   578 |    0   32   32   32   16   16   16   16    2    1    1    0    0    0    0    1 |      16      16 |    2048    2048 |   OK     11 ms |     39.74 ms |       7.83 |   3458.2 |           17.5 |     results match |
|  188 |   578 |    0   32   32   32   16   16   16   16    2    1    1    0    0    1    1    1 |      16      16 |    2048    2048 |   OK     11 ms |     31.27 ms |       6.16 |   4394.8 |           22.3 |     results match |
|  189 |   578 |    0   32   32   32   16   16   16   16    2    1    2    0    0    0    0    1 |      16      16 |    2048    2048 |   OK     10 ms |     33.61 ms |       6.61 |   4088.9 |           20.8 |     results match |
|  190 |   578 |    0   32   32   32   16   16   16   16    2    1    2    0    0    1    1    1 |      16      16 |    2048    2048 |   OK     10 ms |     25.35 ms |       5.02 |   5421.9 |           27.4 |     results match |
|  191 |   578 |    0   32   32   32   16   16   16   16    2    2    1    0    0    0    0    1 |      16      16 |    2048    2048 |   OK     10 ms |     35.74 ms |       7.02 |   3844.9 |           19.6 |     results match |
|  192 |   578 |    0   32   32   32   16   16   16   16    2    2    1    0    0    1    1    1 |      16      16 |    2048    2048 |   OK     11 ms |     24.40 ms |       4.82 |   5631.0 |           28.5 |     results match |
|  193 |   578 |    0   32   32   32   16   16   16   16    2    2    2    0    0    0    0    1 |      16      16 |    2048    2048 |   OK     10 ms |     29.25 ms |       5.74 |   4697.6 |           23.9 |     results match |
|  194 |   578 |    0   32   32   32   16   16   16   16    2    2    2    0    0    1    1    1 |      16      16 |    2048    2048 |   OK     10 ms |     23.50 ms |       4.66 |   5848.3 |           29.5 |     results match |
|  195 |   578 |    0   32   32   32   16   32   16   32    2    1    1    0    0    0    0    1 |      16      32 |    2048    4096 |   OK      9 ms |     56.67 ms |      11.20 |   2424.9 |           12.3 |     results match |
|  196 |   578 |    0   32   32   32   16   32   16   32    2    1    1    0    0    1    1    1 |      16      32 |    2048    4096 |   OK     11 ms |     38.97 ms |       7.69 |   3526.1 |           17.9 |     results match |
|  197 |   578 |    0   32   32   32   16   32   16   32    2    2    1    0    0    0    0    1 |      16      32 |    2048    4096 |   OK     10 ms |     43.40 ms |       8.61 |   3166.3 |           16.0 |     results match |
|  198 |   578 |    0   32   32   32   16   32   16   32    2    2    1    0    0    1    1    1 |      16      32 |    2048    4096 |   OK      9 ms |     37.04 ms |       7.37 |   3710.5 |           18.6 |     results match |
|  199 |   578 |    0   32   32   32   32    8   32    8    2    1    1    0    0    0    0    1 |      32       8 |    4096    1024 |   OK      9 ms |     44.74 ms |       8.84 |   3071.7 |           15.5 |     results match |
|  200 |   578 |    0   32   32   32   32    8   32    8    2    1    1    0    0    1    1    1 |      32       8 |    4096    1024 |   OK     11 ms |     35.99 ms |       7.16 |   3818.1 |           19.2 |     results match |
|  201 |   578 |    0   32   32   32   32    8   32    8    2    1    2    0    0    0    0    1 |      32       8 |    4096    1024 |   OK      9 ms |     36.99 ms |       7.36 |   3714.9 |           18.7 |     results match |
|  202 |   578 |    0   32   32   32   32    8   32    8    2    1    2    0    0    1    1    1 |      32       8 |    4096    1024 |   OK      9 ms |     25.44 ms |       5.04 |   5402.9 |           27.2 |     results match |
|  203 |   578 |    0   32   32   32   32    8   32    8    2    1    4    0    0    0    0    1 |      32       8 |    4096    1024 |   OK      8 ms |     32.99 ms |       6.52 |   4165.2 |           21.1 |     results match |
|  204 |   578 |    0   32   32   32   32    8   32    8    2    1    4    0    0    1    1    1 |      32       8 |    4096    1024 |   OK      8 ms |     23.72 ms |       4.70 |   5792.8 |           29.3 |     results match |
|  205 |   578 |    0   32   32   32   32   16   32   16    2    1    1    0    0    0    0    1 |      32      16 |    4096    2048 |   OK      9 ms |     57.74 ms |      11.45 |   2380.2 |           12.0 |     results match |
|  206 |   578 |    0   32   32   32   32   16   32   16    2    1    1    0    0    1    1    1 |      32      16 |    4096    2048 |   OK      8 ms |     38.92 ms |       7.77 |   3530.9 |           17.7 |     results match |
|  207 |   578 |    0   32   32   32   32   16   32   16    2    1    2    0    0    0    0    1 |      32      16 |    4096    2048 |   OK      8 ms |     42.85 ms |       8.50 |   3206.7 |           16.2 |     results match |
|  208 |   578 |    0   32   32   32   32   16   32   16    2    1    2    0    0    1    1    1 |      32      16 |    4096    2048 |   OK      8 ms |     29.52 ms |       5.79 |   4655.6 |           23.7 |     results match |
|  209 |   578 |    0   32   32   32   32   32   32   32    2    1    1    0    0    0    0    1 |      32      32 |    4096    4096 |   OK      8 ms |     75.02 ms |      14.77 |   1831.8 |            9.3 |     results match |
|  210 |   578 |    0   32   32   32   32   32   32   32    2    1    1    0    0    1    1    1 |      32      32 |    4096    4096 |   OK     10 ms |     49.09 ms |       9.72 |   2799.5 |           14.1 |     results match |
|  211 |   578 |    0   32   64   32    8    8    8    8    2    1    1    0    0    0    0    1 |       8       8 |    1024     512 |   OK      9 ms |     19.07 ms |       3.77 |   7207.0 |           36.5 |     results match |
|  212 |   578 |    0   32   64   32    8    8    8    8    2    1    1    0    0    1    1    1 |       8       8 |    1024     512 |   OK     10 ms |     25.64 ms |       5.07 |   5359.1 |           27.1 |     results match |
|  213 |   578 |    0   32   64   32    8    8    8    8    2    1    2    0    0    0    0    1 |       8       8 |    1024     512 |   OK     10 ms |     18.49 ms |       3.66 |   7431.3 |           37.6 |     results match |
|  214 |   578 |    0   32   64   32    8    8    8    8    2    1    2    0    0    1    1    1 |       8       8 |    1024     512 |   OK     12 ms |     20.30 ms |       4.02 |   6768.0 |           34.2 |     results match |
|  215 |   578 |    0   32   64   32    8    8    8    8    2    1    4    0    0    0    0    1 |       8       8 |    1024     512 |   OK     10 ms |     18.29 ms |       3.63 |   7511.8 |           37.9 |     results match |
|  216 |   578 |    0   32   64   32    8    8    8    8    2    1    4    0    0    1    1    1 |       8       8 |    1024     512 |   OK      9 ms |     18.49 ms |       3.67 |   7434.2 |           37.5 |     results match |
|  217 |   578 |    0   32   64   32    8    8    8    8    2    2    1    0    0    0    0    1 |       8       8 |    1024     512 |   OK      9 ms |     18.90 ms |       3.74 |   7269.2 |           36.8 |     results match |
|  218 |   578 |    0   32   64   32    8    8    8    8    2    2    1    0    0    1    1    1 |       8       8 |    1024     512 |   OK      9 ms |     20.05 ms |       3.98 |   6853.9 |           34.5 |     results match |
|  219 |   578 |    0   32   64   32    8    8    8    8    2    2    2    0    0    0    0    1 |       8       8 |    1024     512 |   OK     10 ms |     18.08 ms |       3.57 |   7600.9 |           38.5 |     results match |
|  220 |   578 |    0   32   64   32    8    8    8    8    2    2    2    0    0    1    1    1 |       8       8 |    1024     512 |   OK      9 ms |     19.04 ms |       3.78 |   7219.2 |           36.4 |     results match |
|  221 |   578 |    0   32   64   32    8    8    8    8    2    2    4    0    0    0    0    1 |       8       8 |    1024     512 |   OK     10 ms |     17.66 ms |       3.48 |   7781.8 |           39.5 |     results match |
|  222 |   578 |    0   32   64   32    8    8    8    8    2    2    4    0    0    1    1    1 |       8       8 |    1024     512 |   OK     10 ms |     17.07 ms |       3.37 |   8048.8 |           40.7 |     results match |
|  223 |   578 |    0   32   64   32    8    8    8    8    2    4    1    0    0    0    0    1 |       8       8 |    1024     512 |   OK      9 ms |     18.07 ms |       3.56 |   7603.2 |           38.6 |     results match |
|  224 |   578 |    0   32   64   32    8    8    8    8    2    4    1    0    0    1    1    1 |       8       8 |    1024     512 |   OK      9 ms |     17.82 ms |       3.51 |   7712.4 |           39.2 |     results match |
|  225 |   578 |    0   32   64   32    8    8    8    8    2    4    2    0    0    0    0    1 |       8       8 |    1024     512 |   OK     10 ms |     17.85 ms |       3.53 |   7698.1 |           39.0 |     results match |
|  226 |   578 |    0   32   64   32    8    8    8    8    2    4    2    0    0    1    1    1 |       8       8 |    1024     512 |   OK      9 ms |     17.08 ms |       3.38 |   8048.1 |           40.7 |     results match |
|  227 |   578 |    0   32   64   32    8    8    8    8    2    4    4    0    0    0    0    1 |       8       8 |    1024     512 |   OK      9 ms |     17.34 ms |       3.43 |   7926.2 |           40.1 |     results match |
|  228 |   578 |    0   32   64   32    8    8    8    8    2    4    4    0    0    1    1    1 |       8       8 |    1024     512 |   OK     12 ms |     16.75 ms |       3.33 |   8202.7 |           41.2 |     results match |
|  229 |   578 |    0   32   64   32    8   16    8   16    2    1    1    0    0    0    0    1 |       8      16 |    1024    1024 |   OK      9 ms |     22.86 ms |       4.52 |   6012.4 |           30.4 |     results match |
|  230 |   578 |    0   32   64   32    8   16    8   16    2    1    1    0    0    1    1    1 |       8      16 |    1024    1024 |   OK      9 ms |     22.16 ms |       4.37 |   6201.0 |           31.4 |     results match |
|  231 |   578 |    0   32   64   32    8   16    8   16    2    1    2    0    0    0    0    1 |       8      16 |    1024    1024 |   OK     11 ms |     22.41 ms |       4.42 |   6132.1 |           31.1 |     results match |
|  232 |   578 |    0   32   64   32    8   16    8   16    2    1    2    0    0    1    1    1 |       8      16 |    1024    1024 |   OK      9 ms |     18.76 ms |       3.69 |   7326.0 |           37.3 |     results match |
|  233 |   578 |    0   32   64   32    8   16    8   16    2    1    4    0    0    0    0    1 |       8      16 |    1024    1024 |   OK      8 ms |     18.67 ms |       3.70 |   7361.8 |           37.1 |     results match |
|  234 |   578 |    0   32   64   32    8   16    8   16    2    1    4    0    0    1    1    1 |       8      16 |    1024    1024 |   OK      9 ms |     17.47 ms |       3.46 |   7866.7 |           39.8 |     results match |
|  235 |   578 |    0   32   64   32    8   16    8   16    2    2    1    0    0    0    0    1 |       8      16 |    1024    1024 |   OK      8 ms |     20.69 ms |       4.09 |   6641.8 |           33.6 |     results match |
|  236 |   578 |    0   32   64   32    8   16    8   16    2    2    1    0    0    1    1    1 |       8      16 |    1024    1024 |   OK      9 ms |     18.20 ms |       3.58 |   7549.9 |           38.3 |     results match |
|  237 |   578 |    0   32   64   32    8   16    8   16    2    2    2    0    0    0    0    1 |       8      16 |    1024    1024 |   OK      8 ms |     20.08 ms |       3.99 |   6844.3 |           34.5 |     results match |
|  238 |   578 |    0   32   64   32    8   16    8   16    2    2    2    0    0    1    1    1 |       8      16 |    1024    1024 |   OK      9 ms |     17.45 ms |       3.46 |   7876.4 |           39.7 |     results match |
|  239 |   578 |    0   32   64   32    8   16    8   16    2    2    4    0    0    0    0    1 |       8      16 |    1024    1024 |   OK      9 ms |     18.37 ms |       3.63 |   7481.1 |           37.8 |     results match |
|  240 |   578 |    0   32   64   32    8   16    8   16    2    2    4    0    0    1    1    1 |       8      16 |    1024    1024 |   OK      9 ms |     16.26 ms |       3.21 |   8453.4 |           42.8 |     results match |
|  241 |   578 |    0   32   64   32    8   16    8   16    2    4    1    0    0    0    0    1 |       8      16 |    1024    1024 |   OK      8 ms |     20.11 ms |       3.97 |   6831.9 |           34.6 |     results match |
|  242 |   578 |    0   32   64   32    8   16    8   16    2    4    1    0    0    1    1    1 |       8      16 |    1024    1024 |   OK      8 ms |     16.83 ms |       3.31 |   8166.1 |           41.5 |     results match |
|  243 |   578 |    0   32   64   32    8   16    8   16    2    4    2    0    0    0    0    1 |       8      16 |    1024    1024 |   OK      9 ms |     20.36 ms |       4.01 |   6748.7 |           34.2 |     results match |
|  244 |   578 |    0   32   64   32    8   16    8   16    2    4    2    0    0    1    1    1 |       8      16 |    1024    1024 |   OK      9 ms |     16.15 ms |       3.17 |   8508.9 |           43.3 |     results match |
|  245 |   578 |    0   32   64   32    8   16    8   16    2    4    4    0    0    0    0    1 |       8      16 |    1024    1024 |   OK      8 ms |     17.40 ms |       3.43 |   7897.3 |           40.1 |     results match |
|  246 |   578 |    0   32   64   32    8   16    8   16    2    4    4    0    0    1    1    1 |       8      16 |    1024    1024 |   OK      8 ms |     15.39 ms |       3.04 |   8930.7 |           45.2 |     results match |
|  247 |   578 |    0   32   64   32    8   32    8   32    2    1    1    0    0    0    0    1 |       8      32 |    1024    2048 |   OK     10 ms |     29.67 ms |       5.85 |   4631.1 |           23.5 |     results match |
|  248 |   578 |    0   32   64   32    8   32    8   32    2    1    1    0    0    1    1    1 |       8      32 |    1024    2048 |   OK      8 ms |     24.50 ms |       4.85 |   5608.5 |           28.3 |     results match |
|  249 |   578 |    0   32   64   32    8   32    8   32    2    1    2    0    0    0    0    1 |       8      32 |    1024    2048 |   OK     11 ms |     25.60 ms |       5.05 |   5367.8 |           27.2 |     results match |
|  250 |   578 |    0   32   64   32    8   32    8   32    2    1    2    0    0    1    1    1 |       8      32 |    1024    2048 |   OK      8 ms |     20.75 ms |       4.10 |   6622.8 |           33.5 |     results match |
|  251 |   578 |    0   32   64   32    8   32    8   32    2    2    1    0    0    0    0    1 |       8      32 |    1024    2048 |   OK     11 ms |     27.07 ms |       5.32 |   5076.4 |           25.8 |     results match |
|  252 |   578 |    0   32   64   32    8   32    8   32    2    2    1    0    0    1    1    1 |       8      32 |    1024    2048 |   OK     10 ms |     20.05 ms |       3.92 |   6854.8 |           35.0 |     results match |
|  253 |   578 |    0   32   64   32    8   32    8   32    2    2    2    0    0    0    0    1 |       8      32 |    1024    2048 |   OK      9 ms |     23.13 ms |       4.55 |   5941.4 |           30.2 |     results match |
|  254 |   578 |    0   32   64   32    8   32    8   32    2    2    2    0    0    1    1    1 |       8      32 |    1024    2048 |   OK      9 ms |     19.13 ms |       3.79 |   7183.6 |           36.3 |     results match |
|  255 |   578 |    0   32   64   32    8   32    8   32    2    4    1    0    0    0    0    1 |       8      32 |    1024    2048 |   OK      9 ms |     26.89 ms |       5.29 |   5111.0 |           26.0 |     results match |
|  256 |   578 |    0   32   64   32    8   32    8   32    2    4    1    0    0    1    1    1 |       8      32 |    1024    2048 |   OK      9 ms |     20.01 ms |       3.91 |   6867.0 |           35.1 |     results match |
|  257 |   578 |    0   32   64   32    8   32    8   32    2    4    2    0    0    0    0    1 |       8      32 |    1024    2048 |   OK      9 ms |     21.54 ms |       4.24 |   6380.0 |           32.4 |     results match |
|  258 |   578 |    0   32   64   32    8   32    8   32    2    4    2    0    0    1    1    1 |       8      32 |    1024    2048 |   OK      9 ms |     19.18 ms |       3.80 |   7164.4 |           36.2 |     results match |
|  259 |   578 |    0   32   64   32   16    8   16    8    2    1    1    0    0    0    0    1 |      16       8 |    2048     512 |   OK      9 ms |     25.19 ms |       4.98 |   5455.3 |           27.6 |     results match |
|  260 |   578 |    0   32   64   32   16    8   16    8    2    1    1    0    0    1    1    1 |      16       8 |    2048     512 |   OK      9 ms |     27.00 ms |       5.33 |   5089.3 |           25.8 |     results match |
|  261 |   578 |    0   32   64   32   16    8   16    8    2    1    2    0    0    0    0    1 |      16       8 |    2048     512 |   OK     10 ms |     22.61 ms |       4.44 |   6077.9 |           30.9 |     results match |
|  262 |   578 |    0   32   64   32   16    8   16    8    2    1    2    0    0    1    1    1 |      16       8 |    2048     512 |   OK      8 ms |     19.52 ms |       3.86 |   7038.8 |           35.6 |     results match |
|  263 |   578 |    0   32   64   32   16    8   16    8    2    1    4    0    0    0    0    1 |      16       8 |    2048     512 |   OK      9 ms |     21.99 ms |       4.33 |   6249.1 |           31.7 |     results match |
|  264 |   578 |    0   32   64   32   16    8   16    8    2    1    4    0    0    1    1    1 |      16       8 |    2048     512 |   OK      9 ms |     17.48 ms |       3.46 |   7863.3 |           39.7 |     results match |
|  265 |   578 |    0   32   64   32   16    8   16    8    2    2    1    0    0    0    0    1 |      16       8 |    2048     512 |   OK      9 ms |     23.99 ms |       4.72 |   5728.1 |           29.1 |     results match |
|  266 |   578 |    0   32   64   32   16    8   16    8    2    2    1    0    0    1    1    1 |      16       8 |    2048     512 |   OK      9 ms |     20.21 ms |       4.01 |   6800.1 |           34.2 |     results match |
|  267 |   578 |    0   32   64   32   16    8   16    8    2    2    2    0    0    0    0    1 |      16       8 |    2048     512 |   OK      9 ms |     20.94 ms |       4.13 |   6562.3 |           33.3 |     results match |
|  268 |   578 |    0   32   64   32   16    8   16    8    2    2    2    0    0    1    1    1 |      16       8 |    2048     512 |   OK     10 ms |     18.79 ms |       3.72 |   7315.5 |           37.0 |     results match |
|  269 |   578 |    0   32   64   32   16    8   16    8    2    2    4    0    0    0    0    1 |      16       8 |    2048     512 |   OK     10 ms |     20.10 ms |       3.93 |   6838.2 |           34.9 |     results match |
|  270 |   578 |    0   32   64   32   16    8   16    8    2    2    4    0    0    1    1    1 |      16       8 |    2048     512 |   OK     13 ms |     16.55 ms |       3.26 |   8301.2 |           42.2 |     results match |
|  271 |   578 |    0   32   64   32   16   16   16   16    2    1    1    0    0    0    0    1 |      16      16 |    2048    1024 |   OK      8 ms |     29.58 ms |       5.82 |   4646.3 |           23.6 |     results match |
|  272 |   578 |    0   32   64   32   16   16   16   16    2    1    1    0    0    1    1    1 |      16      16 |    2048    1024 |   OK     10 ms |     25.50 ms |       5.03 |   5389.4 |           27.3 |     results match |
|  273 |   578 |    0   32   64   32   16   16   16   16    2    1    2    0    0    0    0    1 |      16      16 |    2048    1024 |   OK      9 ms |     24.53 ms |       4.83 |   5602.1 |           28.4 |     results match |
|  274 |   578 |    0   32   64   32   16   16   16   16    2    1    2    0    0    1    1    1 |      16      16 |    2048    1024 |   OK      9 ms |     19.35 ms |       3.82 |   7100.3 |           36.0 |     results match |
|  275 |   578 |    0   32   64   32   16   16   16   16    2    1    4    0    0    0    0    1 |      16      16 |    2048    1024 |   OK      8 ms |     22.09 ms |       4.34 |   6221.0 |           31.7 |     results match |
|  276 |   578 |    0   32   64   32   16   16   16   16    2    1    4    0    0    1    1    1 |      16      16 |    2048    1024 |   OK     10 ms |     17.78 ms |       3.51 |   7730.8 |           39.1 |     results match |
|  277 |   578 |    0   32   64   32   16   16   16   16    2    2    1    0    0    0    0    1 |      16      16 |    2048    1024 |   OK     12 ms |     28.90 ms |       5.67 |   4755.8 |           24.2 |     results match |
|  278 |   578 |    0   32   64   32   16   16   16   16    2    2    1    0    0    1    1    1 |      16      16 |    2048    1024 |   OK     10 ms |     19.15 ms |       3.80 |   7176.0 |           36.2 |     results match |
|  279 |   578 |    0   32   64   32   16   16   16   16    2    2    2    0    0    0    0    1 |      16      16 |    2048    1024 |   OK      9 ms |     27.01 ms |       5.34 |   5087.1 |           25.7 |     results match |
|  280 |   578 |    0   32   64   32   16   16   16   16    2    2    2    0    0    1    1    1 |      16      16 |    2048    1024 |   OK      9 ms |     18.27 ms |       3.62 |   7523.2 |           37.9 |     results match |
|  281 |   578 |    0   32   64   32   16   16   16   16    2    2    4    0    0    0    0    1 |      16      16 |    2048    1024 |   OK      9 ms |     21.28 ms |       4.18 |   6457.4 |           32.9 |     results match |
|  282 |   578 |    0   32   64   32   16   16   16   16    2    2    4    0    0    1    1    1 |      16      16 |    2048    1024 |   OK      9 ms |     17.21 ms |       3.39 |   7986.9 |           40.5 |     results match |
|  283 |   578 |    0   32   64   32   16   32   16   32    2    1    1    0    0    0    0    1 |      16      32 |    2048    2048 |   OK     10 ms |     38.48 ms |       7.59 |   3571.6 |           18.1 |     results match |
|  284 |   578 |    0   32   64   32   16   32   16   32    2    1    1    0    0    1    1    1 |      16      32 |    2048    2048 |   OK      8 ms |     28.53 ms |       5.62 |   4816.9 |           24.4 |     results match |
|  285 |   578 |    0   32   64   32   16   32   16   32    2    1    2    0    0    0    0    1 |      16      32 |    2048    2048 |   OK      8 ms |     32.22 ms |       6.36 |   4264.5 |           21.6 |     results match |
|  286 |   578 |    0   32   64   32   16   32   16   32    2    1    2    0    0    1    1    1 |      16      32 |    2048    2048 |   OK     19 ms |     22.81 ms |       4.50 |   6024.8 |           30.5 |     results match |
|  287 |   578 |    0   32   64   32   16   32   16   32    2    2    1    0    0    0    0    1 |      16      32 |    2048    2048 |   OK      9 ms |     33.89 ms |       6.69 |   4054.5 |           20.6 |     results match |
|  288 |   578 |    0   32   64   32   16   32   16   32    2    2    1    0    0    1    1    1 |      16      32 |    2048    2048 |   OK      9 ms |     22.46 ms |       4.43 |   6118.8 |           31.0 |     results match |
|  289 |   578 |    0   32   64   32   16   32   16   32    2    2    2    0    0    0    0    1 |      16      32 |    2048    2048 |   OK      9 ms |     27.71 ms |       5.47 |   4959.1 |           25.1 |     results match |
|  290 |   578 |    0   32   64   32   16   32   16   32    2    2    2    0    0    1    1    1 |      16      32 |    2048    2048 |   OK      9 ms |     21.40 ms |       4.22 |   6422.5 |           32.5 |     results match |
|  291 |   578 |    0   32   64   32   32    8   32    8    2    1    1    0    0    0    0    1 |      32       8 |    4096     512 |   OK      9 ms |     40.33 ms |       7.95 |   3407.4 |           17.3 |     results match |
|  292 |   578 |    0   32   64   32   32    8   32    8    2    1    1    0    0    1    1    1 |      32       8 |    4096     512 |   OK     10 ms |     35.33 ms |       6.93 |   3889.5 |           19.8 |     results match |
|  293 |   578 |    0   32   64   32   32    8   32    8    2    1    2    0    0    0    0    1 |      32       8 |    4096     512 |   OK      9 ms |     30.34 ms |       5.97 |   4529.4 |           23.0 |     results match |
|  294 |   578 |    0   32   64   32   32    8   32    8    2    1    2    0    0    1    1    1 |      32       8 |    4096     512 |   OK     10 ms |     22.81 ms |       4.50 |   6025.4 |           30.5 |     results match |
|  295 |   578 |    0   32   64   32   32    8   32    8    2    1    4    0    0    0    0    1 |      32       8 |    4096     512 |   OK      9 ms |     29.29 ms |       5.79 |   4691.7 |           23.7 |     results match |
|  296 |   578 |    0   32   64   32   32    8   32    8    2    1    4    0    0    1    1    1 |      32       8 |    4096     512 |   OK     10 ms |     20.29 ms |       4.01 |   6774.4 |           34.3 |     results match |
|  297 |   578 |    0   32   64   32   32   16   32   16    2    1    1    0    0    0    0    1 |      32      16 |    4096    1024 |   OK     14 ms |     44.81 ms |       8.85 |   3066.7 |           15.5 |     results match |
|  298 |   578 |    0   32   64   32   32   16   32   16    2    1    1    0    0    1    1    1 |      32      16 |    4096    1024 |   OK     12 ms |     34.21 ms |       6.77 |   4017.6 |           20.3 |     results match |
|  299 |   578 |    0   32   64   32   32   16   32   16    2    1    2    0    0    0    0    1 |      32      16 |    4096    1024 |   OK     12 ms |     36.83 ms |       7.27 |   3731.5 |           18.9 |     results match |
|  300 |   578 |    0   32   64   32   32   16   32   16    2    1    2    0    0    1    1    1 |      32      16 |    4096    1024 |   OK     11 ms |     23.66 ms |       4.65 |   5807.7 |           29.6 |     results match |
|  301 |   578 |    0   32   64   32   32   16   32   16    2    1    4    0    0    0    0    1 |      32      16 |    4096    1024 |   OK     11 ms |     32.02 ms |       6.33 |   4291.6 |           21.7 |     results match |
|  302 |   578 |    0   32   64   32   32   16   32   16    2    1    4    0    0    1    1    1 |      32      16 |    4096    1024 |   OK     12 ms |     21.67 ms |       4.26 |   6341.9 |           32.3 |     results match |
|  303 |   578 |    0   32   64   32   32   32   32   32    2    1    1    0    0    0    0    1 |      32      32 |    4096    2048 |   OK     12 ms |     56.57 ms |      11.22 |   2429.0 |           12.2 |     results match |
|  304 |   578 |    0   32   64   32   32   32   32   32    2    1    1    0    0    1    1    1 |      32      32 |    4096    2048 |   OK      9 ms |     37.38 ms |       7.43 |   3676.0 |           18.5 |     results match |
|  305 |   578 |    0   32   64   32   32   32   32   32    2    1    2    0    0    0    0    1 |      32      32 |    4096    2048 |   OK     13 ms |     42.26 ms |       8.36 |   3252.2 |           16.4 |     results match |
|  306 |   578 |    0   32   64   32   32   32   32   32    2    1    2    0    0    1    1    1 |      32      32 |    4096    2048 |   OK      9 ms |     27.73 ms |       5.50 |   4955.9 |           25.0 |     results match |
|  307 |   578 |    0   64   16   32    8    8    8    8    2    1    1    0    0    0    0    1 |       8       8 |     512    2048 |   OK      9 ms |     32.49 ms |       6.38 |   4229.6 |           21.6 |     results match |
|  308 |   578 |    0   64   16   32    8    8    8    8    2    1    1    0    0    1    1    1 |       8       8 |     512    2048 |   OK     12 ms |     46.94 ms |       9.21 |   2927.4 |           14.9 |     results match |
|  309 |   578 |    0   64   16   32    8    8    8    8    2    1    2    0    0    0    0    1 |       8       8 |     512    2048 |   OK     11 ms |     31.79 ms |       6.24 |   4323.3 |           22.0 |     results match |
|  310 |   578 |    0   64   16   32    8    8    8    8    2    1    2    0    0    1    1    1 |       8       8 |     512    2048 |   OK     11 ms |     44.40 ms |       8.69 |   3094.9 |           15.8 |     results match |
|  311 |   578 |    0   64   16   32    8    8    8    8    2    2    1    0    0    0    0    1 |       8       8 |     512    2048 |   OK     11 ms |     28.82 ms |       5.66 |   4767.9 |           24.3 |     results match |
|  312 |   578 |    0   64   16   32    8    8    8    8    2    2    1    0    0    1    1    1 |       8       8 |     512    2048 |   OK     19 ms |     36.84 ms |       7.26 |   3729.8 |           18.9 |     results match |
|  313 |   578 |    0   64   16   32    8    8    8    8    2    2    2    0    0    0    0    1 |       8       8 |     512    2048 |   OK     11 ms |     27.88 ms |       5.48 |   4929.9 |           25.1 |     results match |
|  314 |   578 |    0   64   16   32    8    8    8    8    2    2    2    0    0    1    1    1 |       8       8 |     512    2048 |   OK      9 ms |     35.79 ms |       7.06 |   3839.5 |           19.5 |     results match |
|  315 |   578 |    0   64   16   32    8    8    8    8    2    4    1    0    0    0    0    1 |       8       8 |     512    2048 |   OK     11 ms |     26.93 ms |       5.29 |   5102.3 |           26.0 |     results match |
|  316 |   578 |    0   64   16   32    8    8    8    8    2    4    1    0    0    1    1    1 |       8       8 |     512    2048 |   OK      9 ms |     32.56 ms |       6.43 |   4220.3 |           21.4 |     results match |
|  317 |   578 |    0   64   16   32    8    8    8    8    2    4    2    0    0    0    0    1 |       8       8 |     512    2048 |   OK     10 ms |     27.62 ms |       5.42 |   4975.3 |           25.4 |     results match |
|  318 |   578 |    0   64   16   32    8    8    8    8    2    4    2    0    0    1    1    1 |       8       8 |     512    2048 |   OK     11 ms |     31.85 ms |       6.30 |   4314.7 |           21.8 |     results match |
|  319 |   578 |    0   64   16   32    8   16    8   16    2    1    1    0    0    0    0    1 |       8      16 |     512    4096 |   OK     11 ms |     50.68 ms |       9.92 |   2711.6 |           13.9 |     results match |
|  320 |   578 |    0   64   16   32    8   16    8   16    2    1    1    0    0    1    1    1 |       8      16 |     512    4096 |   OK     10 ms |     60.56 ms |      11.93 |   2269.3 |           11.5 |     results match |
|  321 |   578 |    0   64   16   32    8   16    8   16    2    2    1    0    0    0    0    1 |       8      16 |     512    4096 |   OK      9 ms |     46.83 ms |       9.18 |   2934.3 |           15.0 |     results match |
|  322 |   578 |    0   64   16   32    8   16    8   16    2    2    1    0    0    1    1    1 |       8      16 |     512    4096 |   OK      9 ms |     52.53 ms |      10.27 |   2616.0 |           13.4 |     results match |
|  323 |   578 |    0   64   16   32    8   16    8   16    2    4    1    0    0    0    0    1 |       8      16 |     512    4096 |   OK     10 ms |     45.41 ms |       8.95 |   3026.1 |           15.4 |     results match |
|  324 |   578 |    0   64   16   32    8   16    8   16    2    4    1    0    0    1    1    1 |       8      16 |     512    4096 |   OK     12 ms |     48.68 ms |       9.55 |   2823.0 |           14.4 |     results match |
|  325 |   578 |    0   64   16   32   16    8   16    8    2    1    1    0    0    0    0    1 |      16       8 |    1024    2048 |   OK     12 ms |     33.39 ms |       6.55 |   4115.1 |           21.0 |     results match |
|  326 |   578 |    0   64   16   32   16    8   16    8    2    1    1    0    0    1    1    1 |      16       8 |    1024    2048 |   OK     10 ms |     40.90 ms |       8.09 |   3360.1 |           17.0 |     results match |
|  327 |   578 |    0   64   16   32   16    8   16    8    2    1    2    0    0    0    0    1 |      16       8 |    1024    2048 |   OK     16 ms |     32.19 ms |       6.29 |   4269.3 |           21.8 |     results match |
|  328 |   578 |    0   64   16   32   16    8   16    8    2    1    2    0    0    1    1    1 |      16       8 |    1024    2048 |   OK      9 ms |     37.57 ms |       7.40 |   3658.1 |           18.6 |     results match |
|  329 |   578 |    0   64   16   32   16    8   16    8    2    2    1    0    0    0    0    1 |      16       8 |    1024    2048 |   OK      9 ms |     33.23 ms |       6.52 |   4136.0 |           21.1 |     results match |
|  330 |   578 |    0   64   16   32   16    8   16    8    2    2    1    0    0    1    1    1 |      16       8 |    1024    2048 |   OK     10 ms |     33.82 ms |       6.67 |   4063.8 |           20.6 |     results match |
|  331 |   578 |    0   64   16   32   16    8   16    8    2    2    2    0    0    0    0    1 |      16       8 |    1024    2048 |   OK      9 ms |     31.69 ms |       6.24 |   4336.9 |           22.0 |     results match |
|  332 |   578 |    0   64   16   32   16    8   16    8    2    2    2    0    0    1    1    1 |      16       8 |    1024    2048 |   OK     11 ms |     33.19 ms |       6.56 |   4140.3 |           20.9 |     results match |
|  333 |   578 |    0   64   16   32   16    8   16    8    2    4    1    0    0    0    0    1 |      16       8 |    1024    2048 |   OK     10 ms |     28.09 ms |       5.49 |   4892.1 |           25.0 |     results match |
|  334 |   578 |    0   64   16   32   16    8   16    8    2    4    1    0    0    1    1    1 |      16       8 |    1024    2048 |   OK     10 ms |     25.45 ms |       5.01 |   5399.8 |           27.4 |     results match |
|  335 |   578 |    0   64   16   32   16    8   16    8    2    4    2    0    0    0    0    1 |      16       8 |    1024    2048 |   OK      9 ms |     24.34 ms |       4.79 |   5646.6 |           28.7 |     results match |
|  336 |   578 |    0   64   16   32   16    8   16    8    2    4    2    0    0    1    1    1 |      16       8 |    1024    2048 |   OK      9 ms |     24.55 ms |       4.85 |   5597.4 |           28.3 |     results match |
|  337 |   578 |    0   64   16   32   16   16   16   16    2    1    1    0    0    0    0    1 |      16      16 |    1024    4096 |   OK     11 ms |     54.52 ms |      10.71 |   2520.4 |           12.8 |     results match |
|  338 |   578 |    0   64   16   32   16   16   16   16    2    1    1    0    0    1    1    1 |      16      16 |    1024    4096 |   OK     11 ms |     56.45 ms |      11.03 |   2434.2 |           12.5 |     results match |
|  339 |   578 |    0   64   16   32   16   16   16   16    2    2    1    0    0    0    0    1 |      16      16 |    1024    4096 |   OK     10 ms |     49.89 ms |       9.85 |   2754.2 |           14.0 |     results match |
|  340 |   578 |    0   64   16   32   16   16   16   16    2    2    1    0    0    1    1    1 |      16      16 |    1024    4096 |   OK     12 ms |     51.65 ms |      10.15 |   2660.6 |           13.5 |     results match |
|  341 |   578 |    0   64   16   32   16   16   16   16    2    4    1    0    0    0    0    1 |      16      16 |    1024    4096 |   OK     11 ms |     36.13 ms |       7.10 |   3803.8 |           19.4 |     results match |
|  342 |   578 |    0   64   16   32   16   16   16   16    2    4    1    0    0    1    1    1 |      16      16 |    1024    4096 |   OK     12 ms |     35.10 ms |       6.93 |   3915.1 |           19.8 |     results match |
|  343 |   578 |    0   64   16   32   32    8   32    8    2    1    1    0    0    0    0    1 |      32       8 |    2048    2048 |   OK      9 ms |     42.90 ms |       8.47 |   3203.2 |           16.2 |     results match |
|  344 |   578 |    0   64   16   32   32    8   32    8    2    1    1    0    0    1    1    1 |      32       8 |    2048    2048 |   OK     12 ms |     41.47 ms |       8.23 |   3313.9 |           16.7 |     results match |
|  345 |   578 |    0   64   16   32   32    8   32    8    2    1    2    0    0    0    0    1 |      32       8 |    2048    2048 |   OK     10 ms |     39.22 ms |       7.72 |   3503.7 |           17.8 |     results match |
|  346 |   578 |    0   64   16   32   32    8   32    8    2    1    2    0    0    1    1    1 |      32       8 |    2048    2048 |   OK     10 ms |     36.35 ms |       7.16 |   3781.0 |           19.2 |     results match |
|  347 |   578 |    0   64   16   32   32    8   32    8    2    2    1    0    0    0    0    1 |      32       8 |    2048    2048 |   OK      9 ms |     37.36 ms |       7.33 |   3678.7 |           18.8 |     results match |
|  348 |   578 |    0   64   16   32   32    8   32    8    2    2    1    0    0    1    1    1 |      32       8 |    2048    2048 |   OK      9 ms |     26.89 ms |       5.30 |   5111.4 |           25.9 |     results match |
|  349 |   578 |    0   64   16   32   32    8   32    8    2    2    2    0    0    0    0    1 |      32       8 |    2048    2048 |   OK      9 ms |     30.92 ms |       6.10 |   4444.8 |           22.5 |     results match |
|  350 |   578 |    0   64   16   32   32    8   32    8    2    2    2    0    0    1    1    1 |      32       8 |    2048    2048 |   OK     10 ms |     26.40 ms |       5.21 |   5204.4 |           26.4 |     results match |
|  351 |   578 |    0   64   16   32   32   16   32   16    2    1    1    0    0    0    0    1 |      32      16 |    2048    4096 |   OK     10 ms |     64.91 ms |      12.80 |   2117.3 |           10.7 |     results match |
|  352 |   578 |    0   64   16   32   32   16   32   16    2    1    1    0    0    1    1    1 |      32      16 |    2048    4096 |   OK     11 ms |     57.97 ms |      11.44 |   2370.5 |           12.0 |     results match |
|  353 |   578 |    0   64   16   32   32   16   32   16    2    2    1    0    0    0    0    1 |      32      16 |    2048    4096 |   OK     10 ms |     45.42 ms |       8.97 |   3025.4 |           15.3 |     results match |
|  354 |   578 |    0   64   16   32   32   16   32   16    2    2    1    0    0    1    1    1 |      32      16 |    2048    4096 |   OK      9 ms |     40.07 ms |       7.92 |   3429.4 |           17.3 |     results match |
|  355 |   578 |    0   64   32   32    8    8    8    8    2    1    1    0    0    0    0    1 |       8       8 |     512    1024 |   OK     12 ms |     21.40 ms |       4.20 |   6420.1 |           32.7 |     results match |
|  356 |   578 |    0   64   32   32    8    8    8    8    2    1    1    0    0    1    1    1 |       8       8 |     512    1024 |   OK     11 ms |     28.82 ms |       5.70 |   4769.0 |           24.1 |     results match |
|  357 |   578 |    0   64   32   32    8    8    8    8    2    1    2    0    0    0    0    1 |       8       8 |     512    1024 |   OK     12 ms |     20.69 ms |       4.09 |   6642.3 |           33.6 |     results match |
|  358 |   578 |    0   64   32   32    8    8    8    8    2    1    2    0    0    1    1    1 |       8       8 |     512    1024 |   OK     12 ms |     26.52 ms |       5.24 |   5182.0 |           26.2 |     results match |
|  359 |   578 |    0   64   32   32    8    8    8    8    2    1    4    0    0    0    0    1 |       8       8 |     512    1024 |   OK     10 ms |     19.02 ms |       3.75 |   7223.6 |           36.6 |     results match |
|  360 |   578 |    0   64   32   32    8    8    8    8    2    1    4    0    0    1    1    1 |       8       8 |     512    1024 |   OK      9 ms |     25.75 ms |       5.08 |   5337.0 |           27.0 |     results match |
|  361 |   578 |    0   64   32   32    8    8    8    8    2    2    1    0    0    0    0    1 |       8       8 |     512    1024 |   OK     10 ms |     19.30 ms |       3.83 |   7118.7 |           35.9 |     results match |
|  362 |   578 |    0   64   32   32    8    8    8    8    2    2    1    0    0    1    1    1 |       8       8 |     512    1024 |   OK     10 ms |     22.68 ms |       4.48 |   6059.8 |           30.7 |     results match |
|  363 |   578 |    0   64   32   32    8    8    8    8    2    2    2    0    0    0    0    1 |       8       8 |     512    1024 |   OK     11 ms |     19.86 ms |       3.93 |   6919.9 |           35.0 |     results match |
|  364 |   578 |    0   64   32   32    8    8    8    8    2    2    2    0    0    1    1    1 |       8       8 |     512    1024 |   OK      9 ms |     22.38 ms |       4.42 |   6140.8 |           31.1 |     results match |
|  365 |   578 |    0   64   32   32    8    8    8    8    2    2    4    0    0    0    0    1 |       8       8 |     512    1024 |   OK      9 ms |     18.26 ms |       3.60 |   7525.4 |           38.1 |     results match |
|  366 |   578 |    0   64   32   32    8    8    8    8    2    2    4    0    0    1    1    1 |       8       8 |     512    1024 |   OK      9 ms |     21.57 ms |       4.25 |   6370.8 |           32.3 |     results match |
|  367 |   578 |    0   64   32   32    8    8    8    8    2    4    1    0    0    0    0    1 |       8       8 |     512    1024 |   OK     12 ms |     19.05 ms |       3.77 |   7212.6 |           36.5 |     results match |
|  368 |   578 |    0   64   32   32    8    8    8    8    2    4    1    0    0    1    1    1 |       8       8 |     512    1024 |   OK     11 ms |     20.08 ms |       3.95 |   6843.4 |           34.8 |     results match |
|  369 |   578 |    0   64   32   32    8    8    8    8    2    4    2    0    0    0    0    1 |       8       8 |     512    1024 |   OK     11 ms |     19.00 ms |       3.75 |   7232.3 |           36.7 |     results match |
|  370 |   578 |    0   64   32   32    8    8    8    8    2    4    2    0    0    1    1    1 |       8       8 |     512    1024 |   OK      9 ms |     19.57 ms |       3.90 |   7021.8 |           35.3 |     results match |
|  371 |   578 |    0   64   32   32    8    8    8    8    2    4    4    0    0    0    0    1 |       8       8 |     512    1024 |   OK      9 ms |     17.68 ms |       3.48 |   7774.3 |           39.5 |     results match |
|  372 |   578 |    0   64   32   32    8    8    8    8    2    4    4    0    0    1    1    1 |       8       8 |     512    1024 |   OK     10 ms |     19.33 ms |       3.83 |   7110.6 |           35.9 |     results match |
|  373 |   578 |    0   64   32   32    8   16    8   16    2    1    1    0    0    0    0    1 |       8      16 |     512    2048 |   OK      9 ms |     28.45 ms |       5.61 |   4829.8 |           24.5 |     results match |
|  374 |   578 |    0   64   32   32    8   16    8   16    2    1    1    0    0    1    1    1 |       8      16 |     512    2048 |   OK     10 ms |     34.73 ms |       6.81 |   3957.0 |           20.2 |     results match |
|  375 |   578 |    0   64   32   32    8   16    8   16    2    1    2    0    0    0    0    1 |       8      16 |     512    2048 |   OK     14 ms |     28.05 ms |       5.52 |   4898.8 |           24.9 |     results match |
|  376 |   578 |    0   64   32   32    8   16    8   16    2    1    2    0    0    1    1    1 |       8      16 |     512    2048 |   OK      9 ms |     32.81 ms |       6.41 |   4187.9 |           21.4 |     results match |
|  377 |   578 |    0   64   32   32    8   16    8   16    2    2    1    0    0    0    0    1 |       8      16 |     512    2048 |   OK     14 ms |     27.20 ms |       5.36 |   5052.2 |           25.6 |     results match |
|  378 |   578 |    0   64   32   32    8   16    8   16    2    2    1    0    0    1    1    1 |       8      16 |     512    2048 |   OK     11 ms |     28.89 ms |       5.69 |   4757.0 |           24.1 |     results match |
|  379 |   578 |    0   64   32   32    8   16    8   16    2    2    2    0    0    0    0    1 |       8      16 |     512    2048 |   OK     12 ms |     26.31 ms |       5.17 |   5222.3 |           26.6 |     results match |
|  380 |   578 |    0   64   32   32    8   16    8   16    2    2    2    0    0    1    1    1 |       8      16 |     512    2048 |   OK     10 ms |     28.27 ms |       5.53 |   4861.3 |           24.8 |     results match |
|  381 |   578 |    0   64   32   32    8   16    8   16    2    4    1    0    0    0    0    1 |       8      16 |     512    2048 |   OK     11 ms |     26.27 ms |       5.18 |   5232.0 |           26.5 |     results match |
|  382 |   578 |    0   64   32   32    8   16    8   16    2    4    1    0    0    1    1    1 |       8      16 |     512    2048 |   OK     10 ms |     26.72 ms |       5.28 |   5143.1 |           26.0 |     results match |
|  383 |   578 |    0   64   32   32    8   16    8   16    2    4    2    0    0    0    0    1 |       8      16 |     512    2048 |   OK     10 ms |     25.24 ms |       4.98 |   5444.3 |           27.6 |     results match |
|  384 |   578 |    0   64   32   32    8   16    8   16    2    4    2    0    0    1    1    1 |       8      16 |     512    2048 |   OK     16 ms |     26.39 ms |       5.20 |   5208.2 |           26.4 |     results match |
|  385 |   578 |    0   64   32   32    8   32    8   32    2    1    1    0    0    0    0    1 |       8      32 |     512    4096 |   OK     10 ms |     49.13 ms |       9.63 |   2796.9 |           14.3 |     results match |
|  386 |   578 |    0   64   32   32    8   32    8   32    2    1    1    0    0    1    1    1 |       8      32 |     512    4096 |   OK      9 ms |     50.23 ms |       9.85 |   2735.8 |           14.0 |     results match |
|  387 |   578 |    0   64   32   32    8   32    8   32    2    2    1    0    0    0    0    1 |       8      32 |     512    4096 |   OK     14 ms |     44.47 ms |       8.61 |   3090.2 |           16.0 |     results match |
|  388 |   578 |    0   64   32   32    8   32    8   32    2    2    1    0    0    1    1    1 |       8      32 |     512    4096 |   OK     13 ms |     45.72 ms |       8.92 |   3005.8 |           15.4 |     results match |
|  389 |   578 |    0   64   32   32    8   32    8   32    2    4    1    0    0    0    0    1 |       8      32 |     512    4096 |   OK     10 ms |     43.34 ms |       8.51 |   3170.7 |           16.2 |     results match |
|  390 |   578 |    0   64   32   32    8   32    8   32    2    4    1    0    0    1    1    1 |       8      32 |     512    4096 |   OK     11 ms |     43.92 ms |       8.59 |   3128.8 |           16.0 |     results match |
|  391 |   578 |    0   64   32   32   16    8   16    8    2    1    1    0    0    0    0    1 |      16       8 |    1024    1024 |   OK     11 ms |     23.37 ms |       4.61 |   5881.0 |           29.8 |     results match |
|  392 |   578 |    0   64   32   32   16    8   16    8    2    1    1    0    0    1    1    1 |      16       8 |    1024    1024 |   OK     10 ms |     26.00 ms |       5.13 |   5285.5 |           26.8 |     results match |
|  393 |   578 |    0   64   32   32   16    8   16    8    2    1    2    0    0    0    0    1 |      16       8 |    1024    1024 |   OK      9 ms |     23.43 ms |       4.61 |   5865.6 |           29.8 |     results match |
|  394 |   578 |    0   64   32   32   16    8   16    8    2    1    2    0    0    1    1    1 |      16       8 |    1024    1024 |   OK      9 ms |     22.94 ms |       4.52 |   5990.3 |           30.4 |     results match |
|  395 |   578 |    0   64   32   32   16    8   16    8    2    1    4    0    0    0    0    1 |      16       8 |    1024    1024 |   OK     11 ms |     21.04 ms |       4.14 |   6532.8 |           33.2 |     results match |
|  396 |   578 |    0   64   32   32   16    8   16    8    2    1    4    0    0    1    1    1 |      16       8 |    1024    1024 |   OK      9 ms |     22.17 ms |       4.35 |   6199.5 |           31.6 |     results match |
|  397 |   578 |    0   64   32   32   16    8   16    8    2    2    1    0    0    0    0    1 |      16       8 |    1024    1024 |   OK     10 ms |     22.56 ms |       4.42 |   6092.2 |           31.1 |     results match |
|  398 |   578 |    0   64   32   32   16    8   16    8    2    2    1    0    0    1    1    1 |      16       8 |    1024    1024 |   OK     10 ms |     21.17 ms |       4.16 |   6490.0 |           33.0 |     results match |
|  399 |   578 |    0   64   32   32   16    8   16    8    2    2    2    0    0    0    0    1 |      16       8 |    1024    1024 |   OK     13 ms |     21.62 ms |       4.26 |   6355.3 |           32.3 |     results match |
|  400 |   578 |    0   64   32   32   16    8   16    8    2    2    2    0    0    1    1    1 |      16       8 |    1024    1024 |   OK     12 ms |     20.45 ms |       4.03 |   6718.6 |           34.1 |     results match |
|  401 |   578 |    0   64   32   32   16    8   16    8    2    2    4    0    0    0    0    1 |      16       8 |    1024    1024 |   OK     10 ms |     20.04 ms |       3.98 |   6856.8 |           34.6 |     results match |
|  402 |   578 |    0   64   32   32   16    8   16    8    2    2    4    0    0    1    1    1 |      16       8 |    1024    1024 |   OK     10 ms |     19.68 ms |       3.88 |   6982.8 |           35.4 |     results match |
|  403 |   578 |    0   64   32   32   16    8   16    8    2    4    1    0    0    0    0    1 |      16       8 |    1024    1024 |   OK     11 ms |     20.36 ms |       4.00 |   6750.1 |           34.3 |     results match |
|  404 |   578 |    0   64   32   32   16    8   16    8    2    4    1    0    0    1    1    1 |      16       8 |    1024    1024 |   OK     11 ms |     17.00 ms |       3.36 |   8082.2 |           40.9 |     results match |
|  405 |   578 |    0   64   32   32   16    8   16    8    2    4    2    0    0    0    0    1 |      16       8 |    1024    1024 |   OK     10 ms |     20.16 ms |       3.96 |   6818.2 |           34.7 |     results match |
|  406 |   578 |    0   64   32   32   16    8   16    8    2    4    2    0    0    1    1    1 |      16       8 |    1024    1024 |   OK     10 ms |     16.74 ms |       3.31 |   8211.2 |           41.5 |     results match |
|  407 |   578 |    0   64   32   32   16    8   16    8    2    4    4    0    0    0    0    1 |      16       8 |    1024    1024 |   OK     15 ms |     18.01 ms |       3.55 |   7631.5 |           38.8 |     results match |
|  408 |   578 |    0   64   32   32   16    8   16    8    2    4    4    0    0    1    1    1 |      16       8 |    1024    1024 |   OK     12 ms |     16.14 ms |       3.20 |   8515.5 |           42.9 |     results match |
|  409 |   578 |    0   64   32   32   16   16   16   16    2    1    1    0    0    0    0    1 |      16      16 |    1024    2048 |   OK     10 ms |     32.05 ms |       6.33 |   4287.8 |           21.7 |     results match |
|  410 |   578 |    0   64   32   32   16   16   16   16    2    1    1    0    0    1    1    1 |      16      16 |    1024    2048 |   OK     10 ms |     33.35 ms |       6.58 |   4120.5 |           20.9 |     results match |
|  411 |   578 |    0   64   32   32   16   16   16   16    2    1    2    0    0    0    0    1 |      16      16 |    1024    2048 |   OK     10 ms |     30.00 ms |       5.90 |   4580.2 |           23.3 |     results match |
|  412 |   578 |    0   64   32   32   16   16   16   16    2    1    2    0    0    1    1    1 |      16      16 |    1024    2048 |   OK     13 ms |     30.31 ms |       5.98 |   4534.5 |           23.0 |     results match |
|  413 |   578 |    0   64   32   32   16   16   16   16    2    2    1    0    0    0    0    1 |      16      16 |    1024    2048 |   OK     12 ms |     31.06 ms |       6.11 |   4424.1 |           22.5 |     results match |
|  414 |   578 |    0   64   32   32   16   16   16   16    2    2    1    0    0    1    1    1 |      16      16 |    1024    2048 |   OK      9 ms |     28.76 ms |       5.66 |   4778.0 |           24.3 |     results match |
|  415 |   578 |    0   64   32   32   16   16   16   16    2    2    2    0    0    0    0    1 |      16      16 |    1024    2048 |   OK     12 ms |     29.31 ms |       5.77 |   4688.6 |           23.8 |     results match |
|  416 |   578 |    0   64   32   32   16   16   16   16    2    2    2    0    0    1    1    1 |      16      16 |    1024    2048 |   OK     10 ms |     28.21 ms |       5.55 |   4871.0 |           24.8 |     results match |
|  417 |   578 |    0   64   32   32   16   16   16   16    2    4    1    0    0    0    0    1 |      16      16 |    1024    2048 |   OK     13 ms |     27.40 ms |       5.38 |   5016.1 |           25.6 |     results match |
|  418 |   578 |    0   64   32   32   16   16   16   16    2    4    1    0    0    1    1    1 |      16      16 |    1024    2048 |   OK     10 ms |     20.55 ms |       4.05 |   6685.8 |           33.9 |     results match |
|  419 |   578 |    0   64   32   32   16   16   16   16    2    4    2    0    0    0    0    1 |      16      16 |    1024    2048 |   OK     11 ms |     22.32 ms |       4.38 |   6157.8 |           31.4 |     results match |
|  420 |   578 |    0   64   32   32   16   16   16   16    2    4    2    0    0    1    1    1 |      16      16 |    1024    2048 |   OK     11 ms |     19.94 ms |       3.93 |   6893.2 |           35.0 |     results match |
|  421 |   578 |    0   64   32   32   16   32   16   32    2    1    1    0    0    0    0    1 |      16      32 |    1024    4096 |   OK      9 ms |     53.55 ms |      10.53 |   2566.1 |           13.0 |     results match |
|  422 |   578 |    0   64   32   32   16   32   16   32    2    1    1    0    0    1    1    1 |      16      32 |    1024    4096 |   OK     11 ms |     48.81 ms |       9.61 |   2815.3 |           14.3 |     results match |
|  423 |   578 |    0   64   32   32   16   32   16   32    2    2    1    0    0    0    0    1 |      16      32 |    1024    4096 |   OK     10 ms |     48.02 ms |       9.47 |   2861.8 |           14.5 |     results match |
|  424 |   578 |    0   64   32   32   16   32   16   32    2    2    1    0    0    1    1    1 |      16      32 |    1024    4096 |   OK     13 ms |     46.34 ms |       9.16 |   2965.6 |           15.0 |     results match |
|  425 |   578 |    0   64   32   32   16   32   16   32    2    4    1    0    0    0    0    1 |      16      32 |    1024    4096 |   OK     11 ms |     33.68 ms |       6.62 |   4080.5 |           20.8 |     results match |
|  426 |   578 |    0   64   32   32   16   32   16   32    2    4    1    0    0    1    1    1 |      16      32 |    1024    4096 |   OK     11 ms |     31.35 ms |       6.19 |   4383.3 |           22.2 |     results match |
|  427 |   578 |    0   64   32   32   32    8   32    8    2    1    1    0    0    0    0    1 |      32       8 |    2048    1024 |   OK     10 ms |     30.40 ms |       5.98 |   4520.8 |           23.0 |     results match |
|  428 |   578 |    0   64   32   32   32    8   32    8    2    1    1    0    0    1    1    1 |      32       8 |    2048    1024 |   OK     10 ms |     28.56 ms |       5.65 |   4811.5 |           24.3 |     results match |
|  429 |   578 |    0   64   32   32   32    8   32    8    2    1    2    0    0    0    0    1 |      32       8 |    2048    1024 |   OK      9 ms |     26.58 ms |       5.22 |   5169.7 |           26.3 |     results match |
|  430 |   578 |    0   64   32   32   32    8   32    8    2    1    2    0    0    1    1    1 |      32       8 |    2048    1024 |   OK     11 ms |     23.50 ms |       4.63 |   5847.7 |           29.7 |     results match |
|  431 |   578 |    0   64   32   32   32    8   32    8    2    1    4    0    0    0    0    1 |      32       8 |    2048    1024 |   OK     14 ms |     25.45 ms |       5.00 |   5400.2 |           27.5 |     results match |
|  432 |   578 |    0   64   32   32   32    8   32    8    2    1    4    0    0    1    1    1 |      32       8 |    2048    1024 |   OK     10 ms |     22.67 ms |       4.44 |   6061.6 |           30.9 |     results match |
|  433 |   578 |    0   64   32   32   32    8   32    8    2    2    1    0    0    0    0    1 |      32       8 |    2048    1024 |   OK     11 ms |     28.86 ms |       5.69 |   4761.3 |           24.2 |     results match |
|  434 |   578 |    0   64   32   32   32    8   32    8    2    2    1    0    0    1    1    1 |      32       8 |    2048    1024 |   OK     12 ms |     18.90 ms |       3.73 |   7271.4 |           36.8 |     results match |
|  435 |   578 |    0   64   32   32   32    8   32    8    2    2    2    0    0    0    0    1 |      32       8 |    2048    1024 |   OK     12 ms |     27.71 ms |       5.44 |   4960.2 |           25.3 |     results match |
|  436 |   578 |    0   64   32   32   32    8   32    8    2    2    2    0    0    1    1    1 |      32       8 |    2048    1024 |   OK     10 ms |     18.42 ms |       3.63 |   7459.3 |           37.9 |     results match |
|  437 |   578 |    0   64   32   32   32    8   32    8    2    2    4    0    0    0    0    1 |      32       8 |    2048    1024 |   OK     10 ms |     22.02 ms |       4.33 |   6240.6 |           31.7 |     results match |
|  438 |   578 |    0   64   32   32   32    8   32    8    2    2    4    0    0    1    1    1 |      32       8 |    2048    1024 |   OK     10 ms |     17.85 ms |       3.52 |   7698.4 |           39.0 |     results match |
|  439 |   578 |    0   64   32   32   32   16   32   16    2    1    1    0    0    0    0    1 |      32      16 |    2048    2048 |   OK     11 ms |     41.21 ms |       8.14 |   3334.8 |           16.9 |     results match |
|  440 |   578 |    0   64   32   32   32   16   32   16    2    1    1    0    0    1    1    1 |      32      16 |    2048    2048 |   OK     13 ms |     36.37 ms |       7.17 |   3778.5 |           19.2 |     results match |
|  441 |   578 |    0   64   32   32   32   16   32   16    2    1    2    0    0    0    0    1 |      32      16 |    2048    2048 |   OK     11 ms |     37.70 ms |       7.41 |   3645.6 |           18.5 |     results match |
|  442 |   578 |    0   64   32   32   32   16   32   16    2    1    2    0    0    1    1    1 |      32      16 |    2048    2048 |   OK     13 ms |     31.18 ms |       6.14 |   4406.9 |           22.4 |     results match |
|  443 |   578 |    0   64   32   32   32   16   32   16    2    2    1    0    0    0    0    1 |      32      16 |    2048    2048 |   OK     10 ms |     34.06 ms |       6.73 |   4034.5 |           20.4 |     results match |
|  444 |   578 |    0   64   32   32   32   16   32   16    2    2    1    0    0    1    1    1 |      32      16 |    2048    2048 |   OK     10 ms |     23.04 ms |       4.55 |   5964.0 |           30.2 |     results match |
|  445 |   578 |    0   64   32   32   32   16   32   16    2    2    2    0    0    0    0    1 |      32      16 |    2048    2048 |   OK      9 ms |     28.49 ms |       5.62 |   4824.3 |           24.5 |     results match |
|  446 |   578 |    0   64   32   32   32   16   32   16    2    2    2    0    0    1    1    1 |      32      16 |    2048    2048 |   OK     10 ms |     22.57 ms |       4.47 |   6088.6 |           30.8 |     results match |
|  447 |   578 |    0   64   32   32   32   32   32   32    2    1    1    0    0    0    0    1 |      32      32 |    2048    4096 |   OK     10 ms |     63.19 ms |      12.46 |   2174.7 |           11.0 |     results match |
|  448 |   578 |    0   64   32   32   32   32   32   32    2    1    1    0    0    1    1    1 |      32      32 |    2048    4096 |   OK     13 ms |     52.57 ms |      10.31 |   2614.2 |           13.3 |     results match |
|  449 |   578 |    0   64   32   32   32   32   32   32    2    2    1    0    0    0    0    1 |      32      32 |    2048    4096 |   OK     10 ms |     43.85 ms |       8.64 |   3134.1 |           15.9 |     results match |
|  450 |   578 |    0   64   32   32   32   32   32   32    2    2    1    0    0    1    1    1 |      32      32 |    2048    4096 |   OK     11 ms |     36.45 ms |       7.24 |   3769.8 |           19.0 |     results match |
|  451 |   578 |    0   64   64   32    8    8    8    8    2    1    1    0    0    0    0    1 |       8       8 |     512     512 |   OK     10 ms |     17.53 ms |       3.44 |   7837.5 |           39.9 |     results match |
|  452 |   578 |    0   64   64   32    8    8    8    8    2    1    1    0    0    1    1    1 |       8       8 |     512     512 |   OK     11 ms |     26.10 ms |       5.09 |   5264.3 |           27.0 |     results match |
|  453 |   578 |    0   64   64   32    8    8    8    8    2    1    2    0    0    0    0    1 |       8       8 |     512     512 |   OK     10 ms |     17.02 ms |       3.34 |   8076.3 |           41.1 |     results match |
|  454 |   578 |    0   64   64   32    8    8    8    8    2    1    2    0    0    1    1    1 |       8       8 |     512     512 |   OK     10 ms |     23.26 ms |       4.52 |   5909.2 |           30.4 |     results match |
|  455 |   578 |    0   64   64   32    8    8    8    8    2    1    4    0    0    0    0    1 |       8       8 |     512     512 |   OK      9 ms |     16.86 ms |       3.31 |   8150.8 |           41.5 |     results match |
|  456 |   578 |    0   64   64   32    8    8    8    8    2    1    4    0    0    1    1    1 |       8       8 |     512     512 |   OK     11 ms |     22.17 ms |       4.35 |   6199.9 |           31.6 |     results match |
|  457 |   578 |    0   64   64   32    8    8    8    8    2    2    1    0    0    0    0    1 |       8       8 |     512     512 |   OK     10 ms |     16.43 ms |       3.23 |   8365.3 |           42.6 |     results match |
|  458 |   578 |    0   64   64   32    8    8    8    8    2    2    1    0    0    1    1    1 |       8       8 |     512     512 |   OK     10 ms |     21.36 ms |       4.18 |   6432.3 |           32.9 |     results match |
|  459 |   578 |    0   64   64   32    8    8    8    8    2    2    2    0    0    0    0    1 |       8       8 |     512     512 |   OK     10 ms |     15.84 ms |       3.11 |   8675.5 |           44.2 |     results match |
|  460 |   578 |    0   64   64   32    8    8    8    8    2    2    2    0    0    1    1    1 |       8       8 |     512     512 |   OK     11 ms |     20.46 ms |       4.01 |   6717.6 |           34.3 |     results match |
|  461 |   578 |    0   64   64   32    8    8    8    8    2    2    4    0    0    0    0    1 |       8       8 |     512     512 |   OK     11 ms |     15.43 ms |       3.04 |   8908.0 |           45.2 |     results match |
|  462 |   578 |    0   64   64   32    8    8    8    8    2    2    4    0    0    1    1    1 |       8       8 |     512     512 |   OK      9 ms |     16.37 ms |       3.23 |   8393.3 |           42.5 |     results match |
|  463 |   578 |    0   64   64   32    8    8    8    8    2    4    1    0    0    0    0    1 |       8       8 |     512     512 |   OK      8 ms |     16.08 ms |       3.15 |   8544.3 |           43.6 |     results match |
|  464 |   578 |    0   64   64   32    8    8    8    8    2    4    1    0    0    1    1    1 |       8       8 |     512     512 |   OK      9 ms |     19.25 ms |       3.81 |   7140.6 |           36.1 |     results match |
|  465 |   578 |    0   64   64   32    8    8    8    8    2    4    2    0    0    0    0    1 |       8       8 |     512     512 |   OK     10 ms |     15.45 ms |       3.03 |   8897.0 |           45.3 |     results match |
|  466 |   578 |    0   64   64   32    8    8    8    8    2    4    2    0    0    1    1    1 |       8       8 |     512     512 |   OK     10 ms |     15.78 ms |       3.13 |   8706.3 |           43.9 |     results match |
|  467 |   578 |    0   64   64   32    8    8    8    8    2    4    4    0    0    0    0    1 |       8       8 |     512     512 |   OK      9 ms |     15.16 ms |       2.99 |   9064.4 |           46.0 |     results match |
|  468 |   578 |    0   64   64   32    8    8    8    8    2    4    4    0    0    1    1    1 |       8       8 |     512     512 |   OK      8 ms |     15.37 ms |       3.04 |   8940.3 |           45.2 |     results match |
|  469 |   578 |    0   64   64   32    8   16    8   16    2    1    1    0    0    0    0    1 |       8      16 |     512    1024 |   OK     10 ms |     19.32 ms |       3.81 |   7112.9 |           36.1 |     results match |
|  470 |   578 |    0   64   64   32    8   16    8   16    2    1    1    0    0    1    1    1 |       8      16 |     512    1024 |   OK      9 ms |     22.55 ms |       4.44 |   6093.2 |           31.0 |     results match |
|  471 |   578 |    0   64   64   32    8   16    8   16    2    1    2    0    0    0    0    1 |       8      16 |     512    1024 |   OK     11 ms |     18.83 ms |       3.72 |   7296.5 |           36.9 |     results match |
|  472 |   578 |    0   64   64   32    8   16    8   16    2    1    2    0    0    1    1    1 |       8      16 |     512    1024 |   OK      9 ms |     20.38 ms |       4.03 |   6742.9 |           34.1 |     results match |
|  473 |   578 |    0   64   64   32    8   16    8   16    2    1    4    0    0    0    0    1 |       8      16 |     512    1024 |   OK      9 ms |     17.38 ms |       3.43 |   7906.2 |           40.1 |     results match |
|  474 |   578 |    0   64   64   32    8   16    8   16    2    1    4    0    0    1    1    1 |       8      16 |     512    1024 |   OK     12 ms |     19.92 ms |       3.94 |   6897.3 |           34.9 |     results match |
|  475 |   578 |    0   64   64   32    8   16    8   16    2    2    1    0    0    0    0    1 |       8      16 |     512    1024 |   OK     11 ms |     18.35 ms |       3.62 |   7489.5 |           38.0 |     results match |
|  476 |   578 |    0   64   64   32    8   16    8   16    2    2    1    0    0    1    1    1 |       8      16 |     512    1024 |   OK      9 ms |     18.58 ms |       3.67 |   7396.9 |           37.4 |     results match |
|  477 |   578 |    0   64   64   32    8   16    8   16    2    2    2    0    0    0    0    1 |       8      16 |     512    1024 |   OK     10 ms |     17.82 ms |       3.51 |   7712.3 |           39.2 |     results match |
|  478 |   578 |    0   64   64   32    8   16    8   16    2    2    2    0    0    1    1    1 |       8      16 |     512    1024 |   OK     10 ms |     17.94 ms |       3.53 |   7661.6 |           38.9 |     results match |
|  479 |   578 |    0   64   64   32    8   16    8   16    2    2    4    0    0    0    0    1 |       8      16 |     512    1024 |   OK      9 ms |     17.03 ms |       3.34 |   8071.8 |           41.2 |     results match |
|  480 |   578 |    0   64   64   32    8   16    8   16    2    2    4    0    0    1    1    1 |       8      16 |     512    1024 |   OK     10 ms |     17.40 ms |       3.43 |   7896.5 |           40.0 |     results match |
|  481 |   578 |    0   64   64   32    8   16    8   16    2    4    1    0    0    0    0    1 |       8      16 |     512    1024 |   OK      9 ms |     17.71 ms |       3.48 |   7757.8 |           39.5 |     results match |
|  482 |   578 |    0   64   64   32    8   16    8   16    2    4    1    0    0    1    1    1 |       8      16 |     512    1024 |   OK     11 ms |     17.34 ms |       3.42 |   7924.4 |           40.2 |     results match |
|  483 |   578 |    0   64   64   32    8   16    8   16    2    4    2    0    0    0    0    1 |       8      16 |     512    1024 |   OK     10 ms |     17.93 ms |       3.54 |   7663.4 |           38.9 |     results match |
|  484 |   578 |    0   64   64   32    8   16    8   16    2    4    2    0    0    1    1    1 |       8      16 |     512    1024 |   OK     11 ms |     16.81 ms |       3.32 |   8175.9 |           41.4 |     results match |
|  485 |   578 |    0   64   64   32    8   16    8   16    2    4    4    0    0    0    0    1 |       8      16 |     512    1024 |   OK     11 ms |     16.58 ms |       3.26 |   8286.7 |           42.1 |     results match |
|  486 |   578 |    0   64   64   32    8   16    8   16    2    4    4    0    0    1    1    1 |       8      16 |     512    1024 |   OK     10 ms |     16.37 ms |       3.24 |   8393.4 |           42.4 |     results match |
|  487 |   578 |    0   64   64   32    8   32    8   32    2    1    1    0    0    0    0    1 |       8      32 |     512    2048 |   OK     11 ms |     28.28 ms |       5.60 |   4858.7 |           24.6 |     results match |
|  488 |   578 |    0   64   64   32    8   32    8   32    2    1    1    0    0    1    1    1 |       8      32 |     512    2048 |   OK     10 ms |     29.98 ms |       5.82 |   4584.5 |           23.6 |     results match |
|  489 |   578 |    0   64   64   32    8   32    8   32    2    1    2    0    0    0    0    1 |       8      32 |     512    2048 |   OK      9 ms |     27.01 ms |       5.32 |   5088.5 |           25.8 |     results match |
|  490 |   578 |    0   64   64   32    8   32    8   32    2    1    2    0    0    1    1    1 |       8      32 |     512    2048 |   OK      9 ms |     27.90 ms |       5.43 |   4926.1 |           25.3 |     results match |
|  491 |   578 |    0   64   64   32    8   32    8   32    2    2    1    0    0    0    0    1 |       8      32 |     512    2048 |   OK     10 ms |     26.59 ms |       5.23 |   5168.5 |           26.3 |     results match |
|  492 |   578 |    0   64   64   32    8   32    8   32    2    2    1    0    0    1    1    1 |       8      32 |     512    2048 |   OK      9 ms |     25.62 ms |       5.03 |   5363.8 |           27.3 |     results match |
|  493 |   578 |    0   64   64   32    8   32    8   32    2    2    2    0    0    0    0    1 |       8      32 |     512    2048 |   OK     10 ms |     25.42 ms |       5.00 |   5407.1 |           27.5 |     results match |
|  494 |   578 |    0   64   64   32    8   32    8   32    2    2    2    0    0    1    1    1 |       8      32 |     512    2048 |   OK     10 ms |     25.47 ms |       4.97 |   5394.6 |           27.7 |     results match |
|  495 |   578 |    0   64   64   32    8   32    8   32    2    4    1    0    0    0    0    1 |       8      32 |     512    2048 |   OK     10 ms |     24.93 ms |       4.90 |   5513.4 |           28.0 |     results match |
|  496 |   578 |    0   64   64   32    8   32    8   32    2    4    1    0    0    1    1    1 |       8      32 |     512    2048 |   OK      9 ms |     25.00 ms |       4.87 |   5497.8 |           28.2 |     results match |
|  497 |   578 |    0   64   64   32    8   32    8   32    2    4    2    0    0    0    0    1 |       8      32 |     512    2048 |   OK     29 ms |     24.61 ms |       4.86 |   5583.1 |           28.2 |     results match |
|  498 |   578 |    0   64   64   32    8   32    8   32    2    4    2    0    0    1    1    1 |       8      32 |     512    2048 |   OK     11 ms |     24.61 ms |       4.78 |   5584.5 |           28.8 |     results match |
|  499 |   578 |    0   64   64   32   16    8   16    8    2    1    1    0    0    0    0    1 |      16       8 |    1024     512 |   OK     11 ms |     19.24 ms |       3.81 |   7141.0 |           36.1 |     results match |
|  500 |   578 |    0   64   64   32   16    8   16    8    2    1    1    0    0    1    1    1 |      16       8 |    1024     512 |   OK     11 ms |     21.21 ms |       4.18 |   6478.0 |           32.9 |     results match |
|  501 |   578 |    0   64   64   32   16    8   16    8    2    1    2    0    0    0    0    1 |      16       8 |    1024     512 |   OK     11 ms |     18.37 ms |       3.64 |   7482.0 |           37.7 |     results match |
|  502 |   578 |    0   64   64   32   16    8   16    8    2    1    2    0    0    1    1    1 |      16       8 |    1024     512 |   OK     11 ms |     17.77 ms |       3.50 |   7734.5 |           39.3 |     results match |
|  503 |   578 |    0   64   64   32   16    8   16    8    2    1    4    0    0    0    0    1 |      16       8 |    1024     512 |   OK     10 ms |     18.22 ms |       3.60 |   7544.2 |           38.2 |     results match |
|  504 |   578 |    0   64   64   32   16    8   16    8    2    1    4    0    0    1    1    1 |      16       8 |    1024     512 |   OK     11 ms |     16.66 ms |       3.28 |   8246.9 |           41.9 |     results match |
|  505 |   578 |    0   64   64   32   16    8   16    8    2    2    1    0    0    0    0    1 |      16       8 |    1024     512 |   OK      9 ms |     17.78 ms |       3.49 |   7730.8 |           39.3 |     results match |
|  506 |   578 |    0   64   64   32   16    8   16    8    2    2    1    0    0    1    1    1 |      16       8 |    1024     512 |   OK     10 ms |     17.44 ms |       3.44 |   7881.2 |           40.0 |     results match |
|  507 |   578 |    0   64   64   32   16    8   16    8    2    2    2    0    0    0    0    1 |      16       8 |    1024     512 |   OK      9 ms |     16.85 ms |       3.31 |   8157.3 |           41.6 |     results match |
|  508 |   578 |    0   64   64   32   16    8   16    8    2    2    2    0    0    1    1    1 |      16       8 |    1024     512 |   OK     10 ms |     16.81 ms |       3.31 |   8177.3 |           41.5 |     results match |
|  509 |   578 |    0   64   64   32   16    8   16    8    2    2    4    0    0    0    0    1 |      16       8 |    1024     512 |   OK      9 ms |     17.40 ms |       3.43 |   7899.9 |           40.1 |     results match |
|  510 |   578 |    0   64   64   32   16    8   16    8    2    2    4    0    0    1    1    1 |      16       8 |    1024     512 |   OK      9 ms |     15.43 ms |       3.05 |   8907.1 |           45.1 |     results match |
|  511 |   578 |    0   64   64   32   16    8   16    8    2    4    1    0    0    0    0    1 |      16       8 |    1024     512 |   OK     11 ms |     16.67 ms |       3.27 |   8244.6 |           42.0 |     results match |
|  512 |   578 |    0   64   64   32   16    8   16    8    2    4    1    0    0    1    1    1 |      16       8 |    1024     512 |   OK     10 ms |     15.05 ms |       2.97 |   9133.5 |           46.3 |     results match |
|  513 |   578 |    0   64   64   32   16    8   16    8    2    4    2    0    0    0    0    1 |      16       8 |    1024     512 |   OK     10 ms |     16.39 ms |       3.23 |   8384.7 |           42.6 |     results match |
|  514 |   578 |    0   64   64   32   16    8   16    8    2    4    2    0    0    1    1    1 |      16       8 |    1024     512 |   OK      9 ms |     14.87 ms |       2.94 |   9238.7 |           46.8 |     results match |
|  515 |   578 |    0   64   64   32   16    8   16    8    2    4    4    0    0    0    0    1 |      16       8 |    1024     512 |   OK     12 ms |     15.91 ms |       3.13 |   8636.7 |           43.9 |     results match |
|  516 |   578 |    0   64   64   32   16    8   16    8    2    4    4    0    0    1    1    1 |      16       8 |    1024     512 |   OK     21 ms |     14.60 ms |       2.89 |   9413.3 |           47.6 |     results match |
|  517 |   578 |    0   64   64   32   16   16   16   16    2    1    1    0    0    0    0    1 |      16      16 |    1024    1024 |   OK     16 ms |     23.90 ms |       4.70 |   5749.2 |           29.2 |     results match |
|  518 |   578 |    0   64   64   32   16   16   16   16    2    1    1    0    0    1    1    1 |      16      16 |    1024    1024 |   OK     21 ms |     22.90 ms |       4.50 |   6002.2 |           30.5 |     results match |
|  519 |   578 |    0   64   64   32   16   16   16   16    2    1    2    0    0    0    0    1 |      16      16 |    1024    1024 |   OK     19 ms |     22.79 ms |       4.48 |   6030.6 |           30.7 |     results match |
|  520 |   578 |    0   64   64   32   16   16   16   16    2    1    2    0    0    1    1    1 |      16      16 |    1024    1024 |   OK     19 ms |     19.69 ms |       3.90 |   6979.0 |           35.2 |     results match |
|  521 |   578 |    0   64   64   32   16   16   16   16    2    1    4    0    0    0    0    1 |      16      16 |    1024    1024 |   OK     13 ms |     20.32 ms |       4.02 |   6762.5 |           34.2 |     results match |
|  522 |   578 |    0   64   64   32   16   16   16   16    2    1    4    0    0    1    1    1 |      16      16 |    1024    1024 |   OK     18 ms |     18.69 ms |       3.70 |   7351.8 |           37.1 |     results match |
|  523 |   578 |    0   64   64   32   16   16   16   16    2    2    1    0    0    0    0    1 |      16      16 |    1024    1024 |   OK     10 ms |     22.48 ms |       4.41 |   6112.1 |           31.1 |     results match |
|  524 |   578 |    0   64   64   32   16   16   16   16    2    2    1    0    0    1    1    1 |      16      16 |    1024    1024 |   OK     22 ms |     18.95 ms |       3.76 |   7253.7 |           36.6 |     results match |
|  525 |   578 |    0   64   64   32   16   16   16   16    2    2    2    0    0    0    0    1 |      16      16 |    1024    1024 |   OK     21 ms |     21.30 ms |       4.18 |   6452.1 |           32.9 |     results match |
|  526 |   578 |    0   64   64   32   16   16   16   16    2    2    2    0    0    1    1    1 |      16      16 |    1024    1024 |   OK     19 ms |     18.31 ms |       3.62 |   7504.3 |           38.0 |     results match |
|  527 |   578 |    0   64   64   32   16   16   16   16    2    2    4    0    0    0    0    1 |      16      16 |    1024    1024 |   OK     22 ms |     19.27 ms |       3.81 |   7132.7 |           36.1 |     results match |
|  528 |   578 |    0   64   64   32   16   16   16   16    2    2    4    0    0    1    1    1 |      16      16 |    1024    1024 |   OK     11 ms |     17.38 ms |       3.45 |   7906.0 |           39.9 |     results match |
|  529 |   578 |    0   64   64   32   16   16   16   16    2    4    1    0    0    0    0    1 |      16      16 |    1024    1024 |   OK     28 ms |     20.38 ms |       4.03 |   6742.6 |           34.1 |     results match |
|  530 |   578 |    0   64   64   32   16   16   16   16    2    4    1    0    0    1    1    1 |      16      16 |    1024    1024 |   OK     28 ms |     15.37 ms |       3.02 |   8940.2 |           45.5 |     results match |
|  531 |   578 |    0   64   64   32   16   16   16   16    2    4    2    0    0    0    0    1 |      16      16 |    1024    1024 |   OK     25 ms |     21.35 ms |       4.20 |   6435.4 |           32.7 |     results match |
|  532 |   578 |    0   64   64   32   16   16   16   16    2    4    2    0    0    1    1    1 |      16      16 |    1024    1024 |   OK     26 ms |     14.98 ms |       2.95 |   9173.1 |           46.6 |     results match |
|  533 |   578 |    0   64   64   32   16   16   16   16    2    4    4    0    0    0    0    1 |      16      16 |    1024    1024 |   OK     25 ms |     16.80 ms |       3.32 |   8180.6 |           41.4 |     results match |
|  534 |   578 |    0   64   64   32   16   16   16   16    2    4    4    0    0    1    1    1 |      16      16 |    1024    1024 |   OK     17 ms |     14.50 ms |       2.84 |   9477.3 |           48.4 |     results match |
|  535 |   578 |    0   64   64   32   16   32   16   32    2    1    1    0    0    0    0    1 |      16      32 |    1024    2048 |   OK      9 ms |     32.32 ms |       6.34 |   4251.3 |           21.7 |     results match |
|  536 |   578 |    0   64   64   32   16   32   16   32    2    1    1    0    0    1    1    1 |      16      32 |    1024    2048 |   OK      9 ms |     30.01 ms |       5.91 |   4578.5 |           23.3 |     results match |
|  537 |   578 |    0   64   64   32   16   32   16   32    2    1    2    0    0    0    0    1 |      16      32 |    1024    2048 |   OK      9 ms |     29.50 ms |       5.80 |   4658.2 |           23.7 |     results match |
|  538 |   578 |    0   64   64   32   16   32   16   32    2    1    2    0    0    1    1    1 |      16      32 |    1024    2048 |   OK     29 ms |     26.88 ms |       5.31 |   5111.6 |           25.9 |     results match |
|  539 |   578 |    0   64   64   32   16   32   16   32    2    2    1    0    0    0    0    1 |      16      32 |    1024    2048 |   OK     26 ms |     29.46 ms |       5.81 |   4664.6 |           23.6 |     results match |
|  540 |   578 |    0   64   64   32   16   32   16   32    2    2    1    0    0    1    1    1 |      16      32 |    1024    2048 |   OK     34 ms |     26.02 ms |       5.14 |   5280.9 |           26.7 |     results match |
|  541 |   578 |    0   64   64   32   16   32   16   32    2    2    2    0    0    0    0    1 |      16      32 |    1024    2048 |   OK     17 ms |     27.69 ms |       5.50 |   4962.9 |           25.0 |     results match |
|  542 |   578 |    0   64   64   32   16   32   16   32    2    2    2    0    0    1    1    1 |      16      32 |    1024    2048 |   OK     19 ms |     25.58 ms |       5.05 |   5371.3 |           27.2 |     results match |
|  543 |   578 |    0   64   64   32   16   32   16   32    2    4    1    0    0    0    0    1 |      16      32 |    1024    2048 |   OK     22 ms |     26.93 ms |       5.28 |   5102.9 |           26.0 |     results match |
|  544 |   578 |    0   64   64   32   16   32   16   32    2    4    1    0    0    1    1    1 |      16      32 |    1024    2048 |   OK     27 ms |     18.42 ms |       3.66 |   7460.8 |           37.6 |     results match |
|  545 |   578 |    0   64   64   32   16   32   16   32    2    4    2    0    0    0    0    1 |      16      32 |    1024    2048 |   OK     16 ms |     21.04 ms |       4.16 |   6532.7 |           33.0 |     results match |
|  546 |   578 |    0   64   64   32   16   32   16   32    2    4    2    0    0    1    1    1 |      16      32 |    1024    2048 |   OK     22 ms |     18.04 ms |       3.55 |   7616.2 |           38.7 |     results match |
|  547 |   578 |    0   64   64   32   32    8   32    8    2    1    1    0    0    0    0    1 |      32       8 |    2048     512 |   OK     24 ms |     24.65 ms |       4.85 |   5574.1 |           28.3 |     results match |
|  548 |   578 |    0   64   64   32   32    8   32    8    2    1    1    0    0    1    1    1 |      32       8 |    2048     512 |   OK     29 ms |     24.23 ms |       4.76 |   5672.7 |           28.8 |     results match |
|  549 |   578 |    0   64   64   32   32    8   32    8    2    1    2    0    0    0    0    1 |      32       8 |    2048     512 |   OK     18 ms |     20.99 ms |       4.14 |   6548.2 |           33.2 |     results match |
|  550 |   578 |    0   64   64   32   32    8   32    8    2    1    2    0    0    1    1    1 |      32       8 |    2048     512 |   OK     27 ms |     17.86 ms |       3.52 |   7693.8 |           39.0 |     results match |
|  551 |   578 |    0   64   64   32   32    8   32    8    2    1    4    0    0    0    0    1 |      32       8 |    2048     512 |   OK     19 ms |     22.59 ms |       4.44 |   6082.7 |           31.0 |     results match |
|  552 |   578 |    0   64   64   32   32    8   32    8    2    1    4    0    0    1    1    1 |      32       8 |    2048     512 |   OK     21 ms |     16.82 ms |       3.31 |   8169.0 |           41.5 |     results match |
|  553 |   578 |    0   64   64   32   32    8   32    8    2    2    1    0    0    0    0    1 |      32       8 |    2048     512 |   OK     19 ms |     22.91 ms |       4.49 |   5998.7 |           30.6 |     results match |
|  554 |   578 |    0   64   64   32   32    8   32    8    2    2    1    0    0    1    1    1 |      32       8 |    2048     512 |   OK     22 ms |     17.27 ms |       3.40 |   7956.4 |           40.4 |     results match |
|  555 |   578 |    0   64   64   32   32    8   32    8    2    2    2    0    0    0    0    1 |      32       8 |    2048     512 |   OK     19 ms |     20.33 ms |       4.01 |   6758.8 |           34.3 |     results match |
|  556 |   578 |    0   64   64   32   32    8   32    8    2    2    2    0    0    1    1    1 |      32       8 |    2048     512 |   OK     28 ms |     16.66 ms |       3.28 |   8251.1 |           41.8 |     results match |
|  557 |   578 |    0   64   64   32   32    8   32    8    2    2    4    0    0    0    0    1 |      32       8 |    2048     512 |   OK     24 ms |     18.59 ms |       3.68 |   7393.0 |           37.3 |     results match |
|  558 |   578 |    0   64   64   32   32    8   32    8    2    2    4    0    0    1    1    1 |      32       8 |    2048     512 |   OK     33 ms |     15.48 ms |       3.05 |   8878.4 |           45.1 |     results match |
|  559 |   578 |    0   64   64   32   32   16   32   16    2    1    1    0    0    0    0    1 |      32      16 |    2048    1024 |   OK     24 ms |     30.14 ms |       5.93 |   4559.1 |           23.2 |     results match |
|  560 |   578 |    0   64   64   32   32   16   32   16    2    1    1    0    0    1    1    1 |      32      16 |    2048    1024 |   OK     24 ms |     26.23 ms |       5.19 |   5238.8 |           26.5 |     results match |
|  561 |   578 |    0   64   64   32   32   16   32   16    2    1    2    0    0    0    0    1 |      32      16 |    2048    1024 |   OK     22 ms |     25.66 ms |       5.06 |   5355.5 |           27.2 |     results match |
|  562 |   578 |    0   64   64   32   32   16   32   16    2    1    2    0    0    1    1    1 |      32      16 |    2048    1024 |   OK     20 ms |     20.81 ms |       4.11 |   6602.6 |           33.5 |     results match |
|  563 |   578 |    0   64   64   32   32   16   32   16    2    1    4    0    0    0    0    1 |      32      16 |    2048    1024 |   OK     19 ms |     24.48 ms |       4.81 |   5613.8 |           28.6 |     results match |
|  564 |   578 |    0   64   64   32   32   16   32   16    2    1    4    0    0    1    1    1 |      32      16 |    2048    1024 |   OK     25 ms |     20.20 ms |       3.98 |   6803.6 |           34.6 |     results match |
|  565 |   578 |    0   64   64   32   32   16   32   16    2    2    1    0    0    0    0    1 |      32      16 |    2048    1024 |   OK     26 ms |     28.78 ms |       5.67 |   4774.9 |           24.3 |     results match |
|  566 |   578 |    0   64   64   32   32   16   32   16    2    2    1    0    0    1    1    1 |      32      16 |    2048    1024 |   OK     27 ms |     17.27 ms |       3.40 |   7956.4 |           40.4 |     results match |
|  567 |   578 |    0   64   64   32   32   16   32   16    2    2    2    0    0    0    0    1 |      32      16 |    2048    1024 |   OK     20 ms |     26.48 ms |       5.21 |   5188.9 |           26.4 |     results match |
|  568 |   578 |    0   64   64   32   32   16   32   16    2    2    2    0    0    1    1    1 |      32      16 |    2048    1024 |   OK     23 ms |     16.59 ms |       3.27 |   8281.3 |           42.0 |     results match |
|  569 |   578 |    0   64   64   32   32   16   32   16    2    2    4    0    0    0    0    1 |      32      16 |    2048    1024 |   OK     21 ms |     20.46 ms |       4.05 |   6717.1 |           33.9 |     results match |
|  570 |   578 |    0   64   64   32   32   16   32   16    2    2    4    0    0    1    1    1 |      32      16 |    2048    1024 |   OK     32 ms |     16.39 ms |       3.23 |   8386.5 |           42.6 |     results match |
|  571 |   578 |    0   64   64   32   32   32   32   32    2    1    1    0    0    0    0    1 |      32      32 |    2048    2048 |   OK     22 ms |     41.36 ms |       8.16 |   3322.4 |           16.8 |     results match |
|  572 |   578 |    0   64   64   32   32   32   32   32    2    1    1    0    0    1    1    1 |      32      32 |    2048    2048 |   OK     18 ms |     33.50 ms |       6.59 |   4101.6 |           20.9 |     results match |
|  573 |   578 |    0   64   64   32   32   32   32   32    2    1    2    0    0    0    0    1 |      32      32 |    2048    2048 |   OK     26 ms |     38.58 ms |       7.56 |   3561.7 |           18.2 |     results match |
|  574 |   578 |    0   64   64   32   32   32   32   32    2    1    2    0    0    1    1    1 |      32      32 |    2048    2048 |   OK     26 ms |     28.96 ms |       5.66 |   4746.0 |           24.3 |     results match |
|  575 |   578 |    0   64   64   32   32   32   32   32    2    2    1    0    0    0    0    1 |      32      32 |    2048    2048 |   OK     20 ms |     32.73 ms |       6.48 |   4198.4 |           21.2 |     results match |
|  576 |   578 |    0   64   64   32   32   32   32   32    2    2    1    0    0    1    1    1 |      32      32 |    2048    2048 |   OK     22 ms |     20.85 ms |       4.14 |   6592.3 |           33.2 |     results match |
|  577 |   578 |    0   64   64   32   32   32   32   32    2    2    2    0    0    0    0    1 |      32      32 |    2048    2048 |   OK     23 ms |     26.65 ms |       5.30 |   5156.2 |           25.9 |     results match |
|  578 |   578 |    0   64   64   32   32   32   32   32    2    2    2    0    0    1    1    1 |      32      32 |    2048    2048 |   OK     32 ms |     20.60 ms |       4.08 |   6669.4 |           33.6 |     results match |
x------x-------x---------------------------------------------------------------------------------x-----------------x-----------------x----------------x--------------x------------x----------x----------------x-------------------x
