|   ID | total |                                                                           param |      local      |      global     |       compiles |         time |          J |  GFLOP/s |     GFLOP/watt |            status |
x------x-------x---------------------------------------------------------------------------------x-----------------x-----------------x----------------x--------------x------------x----------x----------------x-------------------x
|    1 |   578 |    0   16   16   32    8    8    8    8    2    1    1    0    0    0    0    1 |       8       8 |    2048    2048 |   OK     28 ms |     52.01 ms |      15.08 |   2642.4 |            9.1 |     results match |
|    2 |   578 |    0   16   16   32    8    8    8    8    2    1    1    0    0    1    1    1 |       8       8 |    2048    2048 |   OK     26 ms |     40.86 ms |      12.09 |   3363.3 |           11.4 |     results match |
|    3 |   578 |    0   16   16   32    8    8    8    8    2    1    2    0    0    0    0    1 |       8       8 |    2048    2048 |   OK     31 ms |     41.99 ms |      12.29 |   3272.8 |           11.2 |     results match |
|    4 |   578 |    0   16   16   32    8    8    8    8    2    1    2    0    0    1    1    1 |       8       8 |    2048    2048 |   OK     29 ms |     32.65 ms |       9.64 |   4208.9 |           14.3 |     results match |
|    5 |   578 |    0   16   16   32    8    8    8    8    2    2    1    0    0    0    0    1 |       8       8 |    2048    2048 |   OK     26 ms |     37.55 ms |      11.17 |   3659.4 |           12.3 |     results match |
|    6 |   578 |    0   16   16   32    8    8    8    8    2    2    1    0    0    1    1    1 |       8       8 |    2048    2048 |   OK     30 ms |     31.58 ms |       9.46 |   4351.3 |           14.5 |     results match |
|    7 |   578 |    0   16   16   32    8    8    8    8    2    2    2    0    0    0    0    1 |       8       8 |    2048    2048 |   OK     24 ms |     30.66 ms |       9.06 |   4482.5 |           15.2 |     results match |
|    8 |   578 |    0   16   16   32    8    8    8    8    2    2    2    0    0    1    1    1 |       8       8 |    2048    2048 |   OK     27 ms |     29.51 ms |       8.74 |   4656.7 |           15.7 |     results match |
|    9 |   578 |    0   16   16   32    8   16    8   16    2    1    1    0    0    0    0    1 |       8      16 |    2048    4096 |   OK     36 ms |     60.96 ms |      17.83 |   2254.3 |            7.7 |     results match |
|   10 |   578 |    0   16   16   32    8   16    8   16    2    1    1    0    0    1    1    1 |       8      16 |    2048    4096 |   OK     25 ms |     44.82 ms |      13.16 |   3066.0 |           10.4 |     results match |
|   11 |   578 |    0   16   16   32    8   16    8   16    2    2    1    0    0    0    0    1 |       8      16 |    2048    4096 |   OK     26 ms |     44.16 ms |      13.07 |   3112.2 |           10.5 |     results match |
|   12 |   578 |    0   16   16   32    8   16    8   16    2    2    1    0    0    1    1    1 |       8      16 |    2048    4096 |   OK     23 ms |     39.40 ms |      11.77 |   3487.9 |           11.7 |     results match |
|   13 |   578 |    0   16   16   32   16    8   16    8    2    1    1    0    0    0    0    1 |      16       8 |    4096    2048 |   OK     24 ms |     59.26 ms |      17.49 |   2319.0 |            7.9 |     results match |
|   14 |   578 |    0   16   16   32   16    8   16    8    2    1    1    0    0    1    1    1 |      16       8 |    4096    2048 |   OK     12 ms |     44.62 ms |      13.27 |   3079.5 |           10.4 |     results match |
|   15 |   578 |    0   16   16   32   16    8   16    8    2    1    2    0    0    0    0    1 |      16       8 |    4096    2048 |   OK     26 ms |     46.79 ms |      13.77 |   2936.8 |           10.0 |     results match |
|   16 |   578 |    0   16   16   32   16    8   16    8    2    1    2    0    0    1    1    1 |      16       8 |    4096    2048 |   OK     22 ms |     33.41 ms |       9.84 |   4113.4 |           14.0 |     results match |
|   17 |   578 |    0   16   16   32   16   16   16   16    2    1    1    0    0    0    0    1 |      16      16 |    4096    4096 |   OK     38 ms |     72.80 ms |      21.72 |   1887.7 |            6.3 |     results match |
|   18 |   578 |    0   16   16   32   16   16   16   16    2    1    1    0    0    1    1    1 |      16      16 |    4096    4096 |   OK     26 ms |     48.47 ms |      14.47 |   2835.2 |            9.5 |     results match |
|   19 |   578 |    0   16   32   32    8    8    8    8    2    1    1    0    0    0    0    1 |       8       8 |    2048    1024 |   OK     32 ms |     28.71 ms |       8.48 |   4787.3 |           16.2 |     results match |
|   20 |   578 |    0   16   32   32    8    8    8    8    2    1    1    0    0    1    1    1 |       8       8 |    2048    1024 |   OK     26 ms |     30.07 ms |       8.87 |   4570.5 |           15.5 |     results match |
|   21 |   578 |    0   16   32   32    8    8    8    8    2    1    2    0    0    0    0    1 |       8       8 |    2048    1024 |   OK     13 ms |     26.23 ms |       7.60 |   5240.1 |           18.1 |     results match |
|   22 |   578 |    0   16   32   32    8    8    8    8    2    1    2    0    0    1    1    1 |       8       8 |    2048    1024 |   OK     32 ms |     22.52 ms |       6.65 |   6103.0 |           20.7 |     results match |
|   23 |   578 |    0   16   32   32    8    8    8    8    2    1    4    0    0    0    0    1 |       8       8 |    2048    1024 |   OK     30 ms |     20.57 ms |       6.12 |   6681.4 |           22.5 |     results match |
|   24 |   578 |    0   16   32   32    8    8    8    8    2    1    4    0    0    1    1    1 |       8       8 |    2048    1024 |   OK     24 ms |     20.38 ms |       6.04 |   6744.4 |           22.8 |     results match |
|   25 |   578 |    0   16   32   32    8    8    8    8    2    2    1    0    0    0    0    1 |       8       8 |    2048    1024 |   OK     26 ms |     26.77 ms |       7.81 |   5132.5 |           17.6 |     results match |
|   26 |   578 |    0   16   32   32    8    8    8    8    2    2    1    0    0    1    1    1 |       8       8 |    2048    1024 |   OK     24 ms |     22.10 ms |       6.56 |   6218.3 |           21.0 |     results match |
|   27 |   578 |    0   16   32   32    8    8    8    8    2    2    2    0    0    0    0    1 |       8       8 |    2048    1024 |   OK     22 ms |     26.18 ms |       7.66 |   5249.0 |           17.9 |     results match |
|   28 |   578 |    0   16   32   32    8    8    8    8    2    2    2    0    0    1    1    1 |       8       8 |    2048    1024 |   OK     29 ms |     20.42 ms |       6.05 |   6728.6 |           22.7 |     results match |
|   29 |   578 |    0   16   32   32    8    8    8    8    2    2    4    0    0    0    0    1 |       8       8 |    2048    1024 |   OK     21 ms |     19.24 ms |       5.67 |   7141.5 |           24.2 |     results match |
|   30 |   578 |    0   16   32   32    8    8    8    8    2    2    4    0    0    1    1    1 |       8       8 |    2048    1024 |   OK     25 ms |     18.13 ms |       5.36 |   7578.0 |           25.6 |     results match |
|   31 |   578 |    0   16   32   32    8   16    8   16    2    1    1    0    0    0    0    1 |       8      16 |    2048    2048 |   OK     24 ms |     37.73 ms |      11.11 |   3642.4 |           12.4 |     results match |
|   32 |   578 |    0   16   32   32    8   16    8   16    2    1    1    0    0    1    1    1 |       8      16 |    2048    2048 |   OK     28 ms |     30.26 ms |       9.03 |   4540.7 |           15.2 |     results match |
|   33 |   578 |    0   16   32   32    8   16    8   16    2    1    2    0    0    0    0    1 |       8      16 |    2048    2048 |   OK     19 ms |     32.00 ms |       9.44 |   4294.7 |           14.6 |     results match |
|   34 |   578 |    0   16   32   32    8   16    8   16    2    1    2    0    0    1    1    1 |       8      16 |    2048    2048 |   OK     26 ms |     24.17 ms |       7.15 |   5685.5 |           19.2 |     results match |
|   35 |   578 |    0   16   32   32    8   16    8   16    2    2    1    0    0    0    0    1 |       8      16 |    2048    2048 |   OK     31 ms |     33.34 ms |       9.82 |   4121.5 |           14.0 |     results match |
|   36 |   578 |    0   16   32   32    8   16    8   16    2    2    1    0    0    1    1    1 |       8      16 |    2048    2048 |   OK     25 ms |     23.06 ms |       6.80 |   5959.7 |           20.2 |     results match |
|   37 |   578 |    0   16   32   32    8   16    8   16    2    2    2    0    0    0    0    1 |       8      16 |    2048    2048 |   OK     26 ms |     26.58 ms |       7.91 |   5170.1 |           17.4 |     results match |
|   38 |   578 |    0   16   32   32    8   16    8   16    2    2    2    0    0    1    1    1 |       8      16 |    2048    2048 |   OK     32 ms |     21.69 ms |       6.44 |   6337.2 |           21.3 |     results match |
|   39 |   578 |    0   16   32   32    8   32    8   32    2    1    1    0    0    0    0    1 |       8      32 |    2048    4096 |   OK     26 ms |     54.00 ms |      15.85 |   2544.7 |            8.7 |     results match |
|   40 |   578 |    0   16   32   32    8   32    8   32    2    1    1    0    0    1    1    1 |       8      32 |    2048    4096 |   OK     31 ms |     35.48 ms |      10.51 |   3873.1 |           13.1 |     results match |
|   41 |   578 |    0   16   32   32    8   32    8   32    2    2    1    0    0    0    0    1 |       8      32 |    2048    4096 |   OK     23 ms |     37.33 ms |      11.06 |   3681.5 |           12.4 |     results match |
|   42 |   578 |    0   16   32   32    8   32    8   32    2    2    1    0    0    1    1    1 |       8      32 |    2048    4096 |   OK     10 ms |     33.30 ms |       9.84 |   4127.1 |           14.0 |     results match |
|   43 |   578 |    0   16   32   32   16    8   16    8    2    1    1    0    0    0    0    1 |      16       8 |    4096    1024 |   OK     12 ms |     43.66 ms |      12.78 |   3147.6 |           10.8 |     results match |
|   44 |   578 |    0   16   32   32   16    8   16    8    2    1    1    0    0    1    1    1 |      16       8 |    4096    1024 |   OK     40 ms |     36.23 ms |      10.63 |   3793.1 |           12.9 |     results match |
|   45 |   578 |    0   16   32   32   16    8   16    8    2    1    2    0    0    0    0    1 |      16       8 |    4096    1024 |   OK     26 ms |     33.16 ms |       9.84 |   4144.5 |           14.0 |     results match |
|   46 |   578 |    0   16   32   32   16    8   16    8    2    1    2    0    0    1    1    1 |      16       8 |    4096    1024 |   OK     25 ms |     24.86 ms |       7.35 |   5528.4 |           18.7 |     results match |
|   47 |   578 |    0   16   32   32   16    8   16    8    2    1    4    0    0    0    0    1 |      16       8 |    4096    1024 |   OK     13 ms |     28.17 ms |       8.28 |   4877.9 |           16.6 |     results match |
|   48 |   578 |    0   16   32   32   16    8   16    8    2    1    4    0    0    1    1    1 |      16       8 |    4096    1024 |   OK     19 ms |     22.11 ms |       6.49 |   6215.5 |           21.2 |     results match |
|   49 |   578 |    0   16   32   32   16   16   16   16    2    1    1    0    0    0    0    1 |      16      16 |    4096    2048 |   OK     13 ms |     51.77 ms |      15.37 |   2654.7 |            8.9 |     results match |
|   50 |   578 |    0   16   32   32   16   16   16   16    2    1    1    0    0    1    1    1 |      16      16 |    4096    2048 |   OK     19 ms |     36.77 ms |      11.00 |   3737.2 |           12.5 |     results match |
|   51 |   578 |    0   16   32   32   16   16   16   16    2    1    2    0    0    0    0    1 |      16      16 |    4096    2048 |   OK     23 ms |     37.13 ms |      10.94 |   3701.1 |           12.6 |     results match |
|   52 |   578 |    0   16   32   32   16   16   16   16    2    1    2    0    0    1    1    1 |      16      16 |    4096    2048 |   OK     47 ms |     26.45 ms |       7.79 |   5196.0 |           17.6 |     results match |
|   53 |   578 |    0   16   32   32   16   32   16   32    2    1    1    0    0    0    0    1 |      16      32 |    4096    4096 |   OK     18 ms |     65.85 ms |      19.51 |   2086.9 |            7.0 |     results match |
|   54 |   578 |    0   16   32   32   16   32   16   32    2    1    1    0    0    1    1    1 |      16      32 |    4096    4096 |   OK     10 ms |     43.39 ms |      12.87 |   3167.0 |           10.7 |     results match |
|   55 |   578 |    0   16   64   32    8    8    8    8    2    1    1    0    0    0    0    1 |       8       8 |    2048     512 |   OK      9 ms |     23.20 ms |       6.86 |   5922.9 |           20.0 |     results match |
|   56 |   578 |    0   16   64   32    8    8    8    8    2    1    1    0    0    1    1    1 |       8       8 |    2048     512 |   OK     16 ms |     32.83 ms |       9.52 |   4185.7 |           14.4 |     results match |
|   57 |   578 |    0   16   64   32    8    8    8    8    2    1    2    0    0    0    0    1 |       8       8 |    2048     512 |   OK     10 ms |     21.04 ms |       6.23 |   6531.4 |           22.1 |     results match |
|   58 |   578 |    0   16   64   32    8    8    8    8    2    1    2    0    0    1    1    1 |       8       8 |    2048     512 |   OK     22 ms |     21.44 ms |       6.33 |   6410.5 |           21.7 |     results match |
|   59 |   578 |    0   16   64   32    8    8    8    8    2    1    4    0    0    0    0    1 |       8       8 |    2048     512 |   OK     18 ms |     20.38 ms |       6.05 |   6742.3 |           22.7 |     results match |
|   60 |   578 |    0   16   64   32    8    8    8    8    2    1    4    0    0    1    1    1 |       8       8 |    2048     512 |   OK     24 ms |     17.91 ms |       5.30 |   7671.0 |           25.9 |     results match |
|   61 |   578 |    0   16   64   32    8    8    8    8    2    2    1    0    0    0    0    1 |       8       8 |    2048     512 |   OK     10 ms |     21.71 ms |       6.37 |   6330.7 |           21.6 |     results match |
|   62 |   578 |    0   16   64   32    8    8    8    8    2    2    1    0    0    1    1    1 |       8       8 |    2048     512 |   OK     20 ms |     23.35 ms |       6.84 |   5885.1 |           20.1 |     results match |
|   63 |   578 |    0   16   64   32    8    8    8    8    2    2    2    0    0    0    0    1 |       8       8 |    2048     512 |   OK     25 ms |     19.71 ms |       5.85 |   6971.7 |           23.5 |     results match |
|   64 |   578 |    0   16   64   32    8    8    8    8    2    2    2    0    0    1    1    1 |       8       8 |    2048     512 |   OK     19 ms |     20.51 ms |       6.09 |   6701.6 |           22.6 |     results match |
|   65 |   578 |    0   16   64   32    8    8    8    8    2    2    4    0    0    0    0    1 |       8       8 |    2048     512 |   OK     22 ms |     17.92 ms |       5.31 |   7668.7 |           25.9 |     results match |
|   66 |   578 |    0   16   64   32    8    8    8    8    2    2    4    0    0    1    1    1 |       8       8 |    2048     512 |   OK     28 ms |     16.84 ms |       4.99 |   8160.2 |           27.5 |     results match |
|   67 |   578 |    0   16   64   32    8   16    8   16    2    1    1    0    0    0    0    1 |       8      16 |    2048    1024 |   OK     14 ms |     26.29 ms |       7.78 |   5226.8 |           17.7 |     results match |
|   68 |   578 |    0   16   64   32    8   16    8   16    2    1    1    0    0    1    1    1 |       8      16 |    2048    1024 |   OK     26 ms |     27.07 ms |       7.95 |   5075.8 |           17.3 |     results match |
|   69 |   578 |    0   16   64   32    8   16    8   16    2    1    2    0    0    0    0    1 |       8      16 |    2048    1024 |   OK     15 ms |     22.28 ms |       6.51 |   6167.2 |           21.1 |     results match |
|   70 |   578 |    0   16   64   32    8   16    8   16    2    1    2    0    0    1    1    1 |       8      16 |    2048    1024 |   OK     21 ms |     19.64 ms |       5.82 |   6997.8 |           23.6 |     results match |
|   71 |   578 |    0   16   64   32    8   16    8   16    2    1    4    0    0    0    0    1 |       8      16 |    2048    1024 |   OK     22 ms |     18.99 ms |       5.61 |   7235.3 |           24.5 |     results match |
|   72 |   578 |    0   16   64   32    8   16    8   16    2    1    4    0    0    1    1    1 |       8      16 |    2048    1024 |   OK     18 ms |     17.34 ms |       5.12 |   7923.7 |           26.9 |     results match |
|   73 |   578 |    0   16   64   32    8   16    8   16    2    2    1    0    0    0    0    1 |       8      16 |    2048    1024 |   OK      9 ms |     26.45 ms |       7.68 |   5195.6 |           17.9 |     results match |
|   74 |   578 |    0   16   64   32    8   16    8   16    2    2    1    0    0    1    1    1 |       8      16 |    2048    1024 |   OK     24 ms |     20.12 ms |       5.96 |   6828.8 |           23.1 |     results match |
|   75 |   578 |    0   16   64   32    8   16    8   16    2    2    2    0    0    0    0    1 |       8      16 |    2048    1024 |   OK     10 ms |     24.49 ms |       7.22 |   5612.0 |           19.0 |     results match |
|   76 |   578 |    0   16   64   32    8   16    8   16    2    2    2    0    0    1    1    1 |       8      16 |    2048    1024 |   OK     14 ms |     18.31 ms |       5.45 |   7503.5 |           25.2 |     results match |
|   77 |   578 |    0   16   64   32    8   16    8   16    2    2    4    0    0    0    0    1 |       8      16 |    2048    1024 |   OK     14 ms |     17.92 ms |       5.25 |   7668.3 |           26.2 |     results match |
|   78 |   578 |    0   16   64   32    8   16    8   16    2    2    4    0    0    1    1    1 |       8      16 |    2048    1024 |   OK     34 ms |     16.05 ms |       4.79 |   8561.2 |           28.7 |     results match |
|   79 |   578 |    0   16   64   32    8   32    8   32    2    1    1    0    0    0    0    1 |       8      32 |    2048    2048 |   OK     28 ms |     33.85 ms |      10.00 |   4060.0 |           13.7 |     results match |
|   80 |   578 |    0   16   64   32    8   32    8   32    2    1    1    0    0    1    1    1 |       8      32 |    2048    2048 |   OK     11 ms |     26.86 ms |       7.97 |   5116.3 |           17.3 |     results match |
|   81 |   578 |    0   16   64   32    8   32    8   32    2    1    2    0    0    0    0    1 |       8      32 |    2048    2048 |   OK     22 ms |     27.96 ms |       8.25 |   4914.4 |           16.7 |     results match |
|   82 |   578 |    0   16   64   32    8   32    8   32    2    1    2    0    0    1    1    1 |       8      32 |    2048    2048 |   OK     22 ms |     21.14 ms |       6.23 |   6500.3 |           22.1 |     results match |
|   83 |   578 |    0   16   64   32    8   32    8   32    2    2    1    0    0    0    0    1 |       8      32 |    2048    2048 |   OK     19 ms |     29.92 ms |       8.80 |   4592.5 |           15.6 |     results match |
|   84 |   578 |    0   16   64   32    8   32    8   32    2    2    1    0    0    1    1    1 |       8      32 |    2048    2048 |   OK     11 ms |     20.78 ms |       6.15 |   6612.3 |           22.4 |     results match |
|   85 |   578 |    0   16   64   32    8   32    8   32    2    2    2    0    0    0    0    1 |       8      32 |    2048    2048 |   OK     18 ms |     24.06 ms |       7.13 |   5712.8 |           19.3 |     results match |
|   86 |   578 |    0   16   64   32    8   32    8   32    2    2    2    0    0    1    1    1 |       8      32 |    2048    2048 |   OK     19 ms |     19.53 ms |       5.80 |   7036.6 |           23.7 |     results match |
|   87 |   578 |    0   16   64   32   16    8   16    8    2    1    1    0    0    0    0    1 |      16       8 |    4096     512 |   OK     21 ms |     35.73 ms |      10.46 |   3846.0 |           13.1 |     results match |
|   88 |   578 |    0   16   64   32   16    8   16    8    2    1    1    0    0    1    1    1 |      16       8 |    4096     512 |   OK     95 ms |     40.46 ms |      11.03 |   3396.1 |           12.5 |     results match |
|   89 |   578 |    0   16   64   32   16    8   16    8    2    1    2    0    0    0    0    1 |      16       8 |    4096     512 |   OK     18 ms |     27.69 ms |       8.12 |   4962.5 |           16.9 |     results match |
|   90 |   578 |    0   16   64   32   16    8   16    8    2    1    2    0    0    1    1    1 |      16       8 |    4096     512 |   OK     10 ms |     23.95 ms |       7.06 |   5737.5 |           19.5 |     results match |
|   91 |   578 |    0   16   64   32   16    8   16    8    2    1    4    0    0    0    0    1 |      16       8 |    4096     512 |   OK     73 ms |     25.01 ms |       7.42 |   5495.1 |           18.5 |     results match |
|   92 |   578 |    0   16   64   32   16    8   16    8    2    1    4    0    0    1    1    1 |      16       8 |    4096     512 |   OK     21 ms |     20.08 ms |       5.94 |   6844.5 |           23.1 |     results match |
|   93 |   578 |    0   16   64   32   16   16   16   16    2    1    1    0    0    0    0    1 |      16      16 |    4096    1024 |   OK     16 ms |     39.67 ms |      11.64 |   3463.8 |           11.8 |     results match |
|   94 |   578 |    0   16   64   32   16   16   16   16    2    1    1    0    0    1    1    1 |      16      16 |    4096    1024 |   OK     15 ms |     34.34 ms |      10.09 |   4002.3 |           13.6 |     results match |
|   95 |   578 |    0   16   64   32   16   16   16   16    2    1    2    0    0    0    0    1 |      16      16 |    4096    1024 |   OK     22 ms |     33.01 ms |       9.82 |   4163.2 |           14.0 |     results match |
|   96 |   578 |    0   16   64   32   16   16   16   16    2    1    2    0    0    1    1    1 |      16      16 |    4096    1024 |   OK     22 ms |     22.74 ms |       6.69 |   6044.3 |           20.5 |     results match |
|   97 |   578 |    0   16   64   32   16   16   16   16    2    1    4    0    0    0    0    1 |      16      16 |    4096    1024 |   OK     21 ms |     27.18 ms |       7.96 |   5056.5 |           17.3 |     results match |
|   98 |   578 |    0   16   64   32   16   16   16   16    2    1    4    0    0    1    1    1 |      16      16 |    4096    1024 |   OK     24 ms |     20.05 ms |       5.98 |   6854.3 |           23.0 |     results match |
|   99 |   578 |    0   16   64   32   16   32   16   32    2    1    1    0    0    0    0    1 |      16      32 |    4096    2048 |   OK     21 ms |     48.85 ms |      14.53 |   2813.1 |            9.5 |     results match |
|  100 |   578 |    0   16   64   32   16   32   16   32    2    1    1    0    0    1    1    1 |      16      32 |    4096    2048 |   OK     21 ms |     34.39 ms |      10.27 |   3995.7 |           13.4 |     results match |
|  101 |   578 |    0   16   64   32   16   32   16   32    2    1    2    0    0    0    0    1 |      16      32 |    4096    2048 |   OK     23 ms |     35.10 ms |      10.41 |   3915.4 |           13.2 |     results match |
|  102 |   578 |    0   16   64   32   16   32   16   32    2    1    2    0    0    1    1    1 |      16      32 |    4096    2048 |   OK     27 ms |     24.43 ms |       7.24 |   5624.5 |           19.0 |     results match |
|  103 |   578 |    0   32   16   32    8    8    8    8    2    1    1    0    0    0    0    1 |       8       8 |    1024    2048 |   OK     17 ms |     30.09 ms |       8.91 |   4567.0 |           15.4 |     results match |
|  104 |   578 |    0   32   16   32    8    8    8    8    2    1    1    0    0    1    1    1 |       8       8 |    1024    2048 |   OK     23 ms |     30.78 ms |       9.16 |   4464.1 |           15.0 |     results match |
|  105 |   578 |    0   32   16   32    8    8    8    8    2    1    2    0    0    0    0    1 |       8       8 |    1024    2048 |   OK     23 ms |     26.70 ms |       7.84 |   5146.9 |           17.5 |     results match |
|  106 |   578 |    0   32   16   32    8    8    8    8    2    1    2    0    0    1    1    1 |       8       8 |    1024    2048 |   OK     25 ms |     26.71 ms |       7.88 |   5144.7 |           17.4 |     results match |
|  107 |   578 |    0   32   16   32    8    8    8    8    2    2    1    0    0    0    0    1 |       8       8 |    1024    2048 |   OK     42 ms |     28.43 ms |       8.40 |   4833.6 |           16.4 |     results match |
|  108 |   578 |    0   32   16   32    8    8    8    8    2    2    1    0    0    1    1    1 |       8       8 |    1024    2048 |   OK     14 ms |     23.67 ms |       6.99 |   5805.2 |           19.7 |     results match |
|  109 |   578 |    0   32   16   32    8    8    8    8    2    2    2    0    0    0    0    1 |       8       8 |    1024    2048 |   OK     22 ms |     24.67 ms |       7.31 |   5571.1 |           18.8 |     results match |
|  110 |   578 |    0   32   16   32    8    8    8    8    2    2    2    0    0    1    1    1 |       8       8 |    1024    2048 |   OK     22 ms |     22.71 ms |       6.73 |   6052.4 |           20.4 |     results match |
|  111 |   578 |    0   32   16   32    8    8    8    8    2    4    1    0    0    0    0    1 |       8       8 |    1024    2048 |   OK     18 ms |     24.51 ms |       7.15 |   5607.0 |           19.2 |     results match |
|  112 |   578 |    0   32   16   32    8    8    8    8    2    4    1    0    0    1    1    1 |       8       8 |    1024    2048 |   OK     10 ms |     22.17 ms |       6.57 |   6197.3 |           20.9 |     results match |
|  113 |   578 |    0   32   16   32    8    8    8    8    2    4    2    0    0    0    0    1 |       8       8 |    1024    2048 |   OK     34 ms |     21.35 ms |       6.27 |   6437.5 |           21.9 |     results match |
|  114 |   578 |    0   32   16   32    8    8    8    8    2    4    2    0    0    1    1    1 |       8       8 |    1024    2048 |   OK     10 ms |     21.12 ms |       6.24 |   6507.9 |           22.0 |     results match |
|  115 |   578 |    0   32   16   32    8   16    8   16    2    1    1    0    0    0    0    1 |       8      16 |    1024    4096 |   OK     13 ms |     40.25 ms |      11.87 |   3414.4 |           11.6 |     results match |
|  116 |   578 |    0   32   16   32    8   16    8   16    2    1    1    0    0    1    1    1 |       8      16 |    1024    4096 |   OK     10 ms |     36.67 ms |      10.81 |   3747.8 |           12.7 |     results match |
|  117 |   578 |    0   32   16   32    8   16    8   16    2    2    1    0    0    0    0    1 |       8      16 |    1024    4096 |   OK     19 ms |     31.37 ms |       9.25 |   4380.1 |           14.8 |     results match |
|  118 |   578 |    0   32   16   32    8   16    8   16    2    2    1    0    0    1    1    1 |       8      16 |    1024    4096 |   OK     11 ms |     31.80 ms |       9.48 |   4321.7 |           14.5 |     results match |
|  119 |   578 |    0   32   16   32    8   16    8   16    2    4    1    0    0    0    0    1 |       8      16 |    1024    4096 |   OK     22 ms |     30.01 ms |       8.90 |   4579.7 |           15.4 |     results match |
|  120 |   578 |    0   32   16   32    8   16    8   16    2    4    1    0    0    1    1    1 |       8      16 |    1024    4096 |   OK     29 ms |     30.26 ms |       8.96 |   4540.7 |           15.3 |     results match |
|  121 |   578 |    0   32   16   32   16    8   16    8    2    1    1    0    0    0    0    1 |      16       8 |    2048    2048 |   OK     25 ms |     37.96 ms |      11.30 |   3620.0 |           12.2 |     results match |
|  122 |   578 |    0   32   16   32   16    8   16    8    2    1    1    0    0    1    1    1 |      16       8 |    2048    2048 |   OK      9 ms |     31.25 ms |       9.20 |   4397.0 |           14.9 |     results match |
|  123 |   578 |    0   32   16   32   16    8   16    8    2    1    2    0    0    0    0    1 |      16       8 |    2048    2048 |   OK     11 ms |     32.03 ms |       9.43 |   4290.8 |           14.6 |     results match |
|  124 |   578 |    0   32   16   32   16    8   16    8    2    1    2    0    0    1    1    1 |      16       8 |    2048    2048 |   OK     29 ms |     25.32 ms |       7.52 |   5428.2 |           18.3 |     results match |
|  125 |   578 |    0   32   16   32   16    8   16    8    2    2    1    0    0    0    0    1 |      16       8 |    2048    2048 |   OK     10 ms |     34.22 ms |      10.03 |   4015.3 |           13.7 |     results match |
|  126 |   578 |    0   32   16   32   16    8   16    8    2    2    1    0    0    1    1    1 |      16       8 |    2048    2048 |   OK     21 ms |     23.72 ms |       7.05 |   5793.5 |           19.5 |     results match |
|  127 |   578 |    0   32   16   32   16    8   16    8    2    2    2    0    0    0    0    1 |      16       8 |    2048    2048 |   OK     13 ms |     27.80 ms |       8.25 |   4944.1 |           16.7 |     results match |
|  128 |   578 |    0   32   16   32   16    8   16    8    2    2    2    0    0    1    1    1 |      16       8 |    2048    2048 |   OK     25 ms |     22.57 ms |       6.68 |   6089.6 |           20.6 |     results match |
|  129 |   578 |    0   32   16   32   16   16   16   16    2    1    1    0    0    0    0    1 |      16      16 |    2048    4096 |   OK     13 ms |     51.30 ms |      15.22 |   2679.1 |            9.0 |     results match |
|  130 |   578 |    0   32   16   32   16   16   16   16    2    1    1    0    0    1    1    1 |      16      16 |    2048    4096 |   OK     21 ms |     37.54 ms |      11.16 |   3660.6 |           12.3 |     results match |
|  131 |   578 |    0   32   16   32   16   16   16   16    2    2    1    0    0    0    0    1 |      16      16 |    2048    4096 |   OK     11 ms |     38.37 ms |      11.35 |   3581.2 |           12.1 |     results match |
|  132 |   578 |    0   32   16   32   16   16   16   16    2    2    1    0    0    1    1    1 |      16      16 |    2048    4096 |   OK     11 ms |     34.25 ms |      10.26 |   4011.9 |           13.4 |     results match |
|  133 |   578 |    0   32   16   32   32    8   32    8    2    1    1    0    0    0    0    1 |      32       8 |    4096    2048 |   OK      9 ms |     52.69 ms |      15.61 |   2608.3 |            8.8 |     results match |
|  134 |   578 |    0   32   16   32   32    8   32    8    2    1    1    0    0    1    1    1 |      32       8 |    4096    2048 |   OK      9 ms |     36.50 ms |      10.78 |   3765.1 |           12.8 |     results match |
|  135 |   578 |    0   32   16   32   32    8   32    8    2    1    2    0    0    0    0    1 |      32       8 |    4096    2048 |   OK     10 ms |     37.93 ms |      11.21 |   3623.5 |           12.3 |     results match |
|  136 |   578 |    0   32   16   32   32    8   32    8    2    1    2    0    0    1    1    1 |      32       8 |    4096    2048 |   OK     11 ms |     27.13 ms |       8.14 |   5066.0 |           16.9 |     results match |
|  137 |   578 |    0   32   16   32   32   16   32   16    2    1    1    0    0    0    0    1 |      32      16 |    4096    4096 |   OK     10 ms |     66.13 ms |      19.80 |   2077.9 |            6.9 |     results match |
|  138 |   578 |    0   32   16   32   32   16   32   16    2    1    1    0    0    1    1    1 |      32      16 |    4096    4096 |   OK     10 ms |     44.23 ms |      13.20 |   3107.2 |           10.4 |     results match |
|  139 |   578 |    0   32   32   32    8    8    8    8    2    1    1    0    0    0    0    1 |       8       8 |    1024    1024 |   OK      9 ms |     22.36 ms |       6.60 |   6144.7 |           20.8 |     results match |
|  140 |   578 |    0   32   32   32    8    8    8    8    2    1    1    0    0    1    1    1 |       8       8 |    1024    1024 |   OK     10 ms |     20.96 ms |       6.19 |   6557.9 |           22.2 |     results match |
|  141 |   578 |    0   32   32   32    8    8    8    8    2    1    2    0    0    0    0    1 |       8       8 |    1024    1024 |   OK     10 ms |     21.32 ms |       6.29 |   6444.2 |           21.9 |     results match |
|  142 |   578 |    0   32   32   32    8    8    8    8    2    1    2    0    0    1    1    1 |       8       8 |    1024    1024 |   OK      9 ms |     17.84 ms |       5.28 |   7701.2 |           26.0 |     results match |
|  143 |   578 |    0   32   32   32    8    8    8    8    2    1    4    0    0    0    0    1 |       8       8 |    1024    1024 |   OK     11 ms |     17.55 ms |       5.15 |   7830.0 |           26.7 |     results match |
|  144 |   578 |    0   32   32   32    8    8    8    8    2    1    4    0    0    1    1    1 |       8       8 |    1024    1024 |   OK     12 ms |     16.80 ms |       4.97 |   8178.3 |           27.7 |     results match |
|  145 |   578 |    0   32   32   32    8    8    8    8    2    2    1    0    0    0    0    1 |       8       8 |    1024    1024 |   OK     11 ms |     20.12 ms |       5.95 |   6830.2 |           23.1 |     results match |
|  146 |   578 |    0   32   32   32    8    8    8    8    2    2    1    0    0    1    1    1 |       8       8 |    1024    1024 |   OK     12 ms |     16.57 ms |       4.94 |   8294.2 |           27.8 |     results match |
|  147 |   578 |    0   32   32   32    8    8    8    8    2    2    2    0    0    0    0    1 |       8       8 |    1024    1024 |   OK     10 ms |     18.30 ms |       5.38 |   7510.7 |           25.6 |     results match |
|  148 |   578 |    0   32   32   32    8    8    8    8    2    2    2    0    0    1    1    1 |       8       8 |    1024    1024 |   OK     13 ms |     15.74 ms |       4.66 |   8732.1 |           29.5 |     results match |
|  149 |   578 |    0   32   32   32    8    8    8    8    2    2    4    0    0    0    0    1 |       8       8 |    1024    1024 |   OK     10 ms |     17.04 ms |       5.07 |   8064.9 |           27.1 |     results match |
|  150 |   578 |    0   32   32   32    8    8    8    8    2    2    4    0    0    1    1    1 |       8       8 |    1024    1024 |   OK     10 ms |     14.79 ms |       4.39 |   9291.8 |           31.3 |     results match |
|  151 |   578 |    0   32   32   32    8    8    8    8    2    4    1    0    0    0    0    1 |       8       8 |    1024    1024 |   OK     11 ms |     18.32 ms |       5.40 |   7499.5 |           25.4 |     results match |
|  152 |   578 |    0   32   32   32    8    8    8    8    2    4    1    0    0    1    1    1 |       8       8 |    1024    1024 |   OK     11 ms |     14.98 ms |       4.46 |   9173.5 |           30.8 |     results match |
|  153 |   578 |    0   32   32   32    8    8    8    8    2    4    2    0    0    0    0    1 |       8       8 |    1024    1024 |   OK      9 ms |     18.31 ms |       5.41 |   7506.1 |           25.4 |     results match |
|  154 |   578 |    0   32   32   32    8    8    8    8    2    4    2    0    0    1    1    1 |       8       8 |    1024    1024 |   OK     12 ms |     14.42 ms |       4.27 |   9527.8 |           32.2 |     results match |
|  155 |   578 |    0   32   32   32    8    8    8    8    2    4    4    0    0    0    0    1 |       8       8 |    1024    1024 |   OK     11 ms |     15.31 ms |       4.54 |   8978.3 |           30.3 |     results match |
|  156 |   578 |    0   32   32   32    8    8    8    8    2    4    4    0    0    1    1    1 |       8       8 |    1024    1024 |   OK      9 ms |     13.80 ms |       4.08 |   9959.3 |           33.7 |     results match |
|  157 |   578 |    0   32   32   32    8   16    8   16    2    1    1    0    0    0    0    1 |       8      16 |    1024    2048 |   OK     11 ms |     26.42 ms |       7.80 |   5201.8 |           17.6 |     results match |
|  158 |   578 |    0   32   32   32    8   16    8   16    2    1    1    0    0    1    1    1 |       8      16 |    1024    2048 |   OK     13 ms |     23.11 ms |       6.88 |   5945.3 |           20.0 |     results match |
|  159 |   578 |    0   32   32   32    8   16    8   16    2    1    2    0    0    0    0    1 |       8      16 |    1024    2048 |   OK      9 ms |     23.40 ms |       6.93 |   5872.5 |           19.8 |     results match |
|  160 |   578 |    0   32   32   32    8   16    8   16    2    1    2    0    0    1    1    1 |       8      16 |    1024    2048 |   OK     10 ms |     20.01 ms |       5.95 |   6867.9 |           23.1 |     results match |
|  161 |   578 |    0   32   32   32    8   16    8   16    2    2    1    0    0    0    0    1 |       8      16 |    1024    2048 |   OK     11 ms |     24.75 ms |       7.28 |   5552.4 |           18.9 |     results match |
|  162 |   578 |    0   32   32   32    8   16    8   16    2    2    1    0    0    1    1    1 |       8      16 |    1024    2048 |   OK     10 ms |     18.40 ms |       5.45 |   7469.8 |           25.2 |     results match |
|  163 |   578 |    0   32   32   32    8   16    8   16    2    2    2    0    0    0    0    1 |       8      16 |    1024    2048 |   OK      9 ms |     21.04 ms |       6.25 |   6532.7 |           22.0 |     results match |
|  164 |   578 |    0   32   32   32    8   16    8   16    2    2    2    0    0    1    1    1 |       8      16 |    1024    2048 |   OK      9 ms |     17.87 ms |       5.30 |   7690.5 |           25.9 |     results match |
|  165 |   578 |    0   32   32   32    8   16    8   16    2    4    1    0    0    0    0    1 |       8      16 |    1024    2048 |   OK     10 ms |     24.19 ms |       7.05 |   5681.8 |           19.5 |     results match |
|  166 |   578 |    0   32   32   32    8   16    8   16    2    4    1    0    0    1    1    1 |       8      16 |    1024    2048 |   OK      9 ms |     17.60 ms |       5.23 |   7808.9 |           26.3 |     results match |
|  167 |   578 |    0   32   32   32    8   16    8   16    2    4    2    0    0    0    0    1 |       8      16 |    1024    2048 |   OK      9 ms |     18.93 ms |       5.60 |   7258.5 |           24.6 |     results match |
|  168 |   578 |    0   32   32   32    8   16    8   16    2    4    2    0    0    1    1    1 |       8      16 |    1024    2048 |   OK      9 ms |     17.16 ms |       5.09 |   8010.1 |           27.0 |     results match |
|  169 |   578 |    0   32   32   32    8   32    8   32    2    1    1    0    0    0    0    1 |       8      32 |    1024    4096 |   OK      9 ms |     38.11 ms |      11.27 |   3605.7 |           12.2 |     results match |
|  170 |   578 |    0   32   32   32    8   32    8   32    2    1    1    0    0    1    1    1 |       8      32 |    1024    4096 |   OK     10 ms |     30.04 ms |       8.86 |   4574.9 |           15.5 |     results match |
|  171 |   578 |    0   32   32   32    8   32    8   32    2    2    1    0    0    0    0    1 |       8      32 |    1024    4096 |   OK     11 ms |     27.92 ms |       8.30 |   4922.3 |           16.6 |     results match |
|  172 |   578 |    0   32   32   32    8   32    8   32    2    2    1    0    0    1    1    1 |       8      32 |    1024    4096 |   OK      9 ms |     27.49 ms |       8.17 |   4998.8 |           16.8 |     results match |
|  173 |   578 |    0   32   32   32    8   32    8   32    2    4    1    0    0    0    0    1 |       8      32 |    1024    4096 |   OK      9 ms |     27.86 ms |       8.25 |   4932.8 |           16.7 |     results match |
|  174 |   578 |    0   32   32   32    8   32    8   32    2    4    1    0    0    1    1    1 |       8      32 |    1024    4096 |   OK      8 ms |     26.83 ms |       7.93 |   5122.7 |           17.3 |     results match |
|  175 |   578 |    0   32   32   32   16    8   16    8    2    1    1    0    0    0    0    1 |      16       8 |    2048    1024 |   OK     10 ms |     26.19 ms |       7.72 |   5247.7 |           17.8 |     results match |
|  176 |   578 |    0   32   32   32   16    8   16    8    2    1    1    0    0    1    1    1 |      16       8 |    2048    1024 |   OK      8 ms |     23.11 ms |       6.83 |   5946.5 |           20.1 |     results match |
|  177 |   578 |    0   32   32   32   16    8   16    8    2    1    2    0    0    0    0    1 |      16       8 |    2048    1024 |   OK      9 ms |     22.34 ms |       6.58 |   6152.0 |           20.9 |     results match |
|  178 |   578 |    0   32   32   32   16    8   16    8    2    1    2    0    0    1    1    1 |      16       8 |    2048    1024 |   OK     10 ms |     17.65 ms |       5.20 |   7786.4 |           26.4 |     results match |
|  179 |   578 |    0   32   32   32   16    8   16    8    2    1    4    0    0    0    0    1 |      16       8 |    2048    1024 |   OK     13 ms |     19.18 ms |       5.69 |   7165.8 |           24.2 |     results match |
|  180 |   578 |    0   32   32   32   16    8   16    8    2    1    4    0    0    1    1    1 |      16       8 |    2048    1024 |   OK      9 ms |     16.27 ms |       4.83 |   8445.4 |           28.4 |     results match |
|  181 |   578 |    0   32   32   32   16    8   16    8    2    2    1    0    0    0    0    1 |      16       8 |    2048    1024 |   OK      9 ms |     26.09 ms |       7.63 |   5266.3 |           18.0 |     results match |
|  182 |   578 |    0   32   32   32   16    8   16    8    2    2    1    0    0    1    1    1 |      16       8 |    2048    1024 |   OK      9 ms |     17.21 ms |       5.09 |   7985.2 |           27.0 |     results match |
|  183 |   578 |    0   32   32   32   16    8   16    8    2    2    2    0    0    0    0    1 |      16       8 |    2048    1024 |   OK      9 ms |     24.96 ms |       7.37 |   5506.8 |           18.7 |     results match |
|  184 |   578 |    0   32   32   32   16    8   16    8    2    2    2    0    0    1    1    1 |      16       8 |    2048    1024 |   OK     10 ms |     16.28 ms |       4.81 |   8439.1 |           28.6 |     results match |
|  185 |   578 |    0   32   32   32   16    8   16    8    2    2    4    0    0    0    0    1 |      16       8 |    2048    1024 |   OK      9 ms |     18.64 ms |       5.51 |   7370.7 |           24.9 |     results match |
|  186 |   578 |    0   32   32   32   16    8   16    8    2    2    4    0    0    1    1    1 |      16       8 |    2048    1024 |   OK     10 ms |     14.99 ms |       4.41 |   9165.1 |           31.2 |     results match |
|  187 |   578 |    0   32   32   32   16   16   16   16    2    1    1    0    0    0    0    1 |      16      16 |    2048    2048 |   OK     10 ms |     33.48 ms |       9.97 |   4105.1 |           13.8 |     results match |
|  188 |   578 |    0   32   32   32   16   16   16   16    2    1    1    0    0    1    1    1 |      16      16 |    2048    2048 |   OK     10 ms |     25.78 ms |       7.59 |   5329.6 |           18.1 |     results match |
|  189 |   578 |    0   32   32   32   16   16   16   16    2    1    2    0    0    0    0    1 |      16      16 |    2048    2048 |   OK     11 ms |     27.93 ms |       8.31 |   4919.4 |           16.5 |     results match |
|  190 |   578 |    0   32   32   32   16   16   16   16    2    1    2    0    0    1    1    1 |      16      16 |    2048    2048 |   OK      9 ms |     20.48 ms |       6.11 |   6710.4 |           22.5 |     results match |
|  191 |   578 |    0   32   32   32   16   16   16   16    2    2    1    0    0    0    0    1 |      16      16 |    2048    2048 |   OK      9 ms |     30.05 ms |       8.95 |   4572.4 |           15.4 |     results match |
|  192 |   578 |    0   32   32   32   16   16   16   16    2    2    1    0    0    1    1    1 |      16      16 |    2048    2048 |   OK     10 ms |     19.72 ms |       5.85 |   6967.8 |           23.5 |     results match |
|  193 |   578 |    0   32   32   32   16   16   16   16    2    2    2    0    0    0    0    1 |      16      16 |    2048    2048 |   OK     10 ms |     24.46 ms |       7.27 |   5617.5 |           18.9 |     results match |
|  194 |   578 |    0   32   32   32   16   16   16   16    2    2    2    0    0    1    1    1 |      16      16 |    2048    2048 |   OK     11 ms |     18.94 ms |       5.63 |   7255.9 |           24.4 |     results match |
|  195 |   578 |    0   32   32   32   16   32   16   32    2    1    1    0    0    0    0    1 |      16      32 |    2048    4096 |   OK      9 ms |     47.86 ms |      14.16 |   2871.5 |            9.7 |     results match |
|  196 |   578 |    0   32   32   32   16   32   16   32    2    1    1    0    0    1    1    1 |      16      32 |    2048    4096 |   OK      8 ms |     32.72 ms |       9.68 |   4200.5 |           14.2 |     results match |
|  197 |   578 |    0   32   32   32   16   32   16   32    2    2    1    0    0    0    0    1 |      16      32 |    2048    4096 |   OK     10 ms |     35.84 ms |      10.66 |   3834.5 |           12.9 |     results match |
|  198 |   578 |    0   32   32   32   16   32   16   32    2    2    1    0    0    1    1    1 |      16      32 |    2048    4096 |   OK      9 ms |     31.07 ms |       9.29 |   4423.5 |           14.8 |     results match |
|  199 |   578 |    0   32   32   32   32    8   32    8    2    1    1    0    0    0    0    1 |      32       8 |    4096    1024 |   OK      8 ms |     37.95 ms |      11.31 |   3621.5 |           12.1 |     results match |
|  200 |   578 |    0   32   32   32   32    8   32    8    2    1    1    0    0    1    1    1 |      32       8 |    4096    1024 |   OK      9 ms |     30.24 ms |       8.91 |   4544.8 |           15.4 |     results match |
|  201 |   578 |    0   32   32   32   32    8   32    8    2    1    2    0    0    0    0    1 |      32       8 |    4096    1024 |   OK      9 ms |     32.64 ms |       9.62 |   4209.9 |           14.3 |     results match |
|  202 |   578 |    0   32   32   32   32    8   32    8    2    1    2    0    0    1    1    1 |      32       8 |    4096    1024 |   OK      8 ms |     20.70 ms |       6.11 |   6637.6 |           22.5 |     results match |
|  203 |   578 |    0   32   32   32   32    8   32    8    2    1    4    0    0    0    0    1 |      32       8 |    4096    1024 |   OK      9 ms |     27.44 ms |       8.11 |   5008.0 |           16.9 |     results match |
|  204 |   578 |    0   32   32   32   32    8   32    8    2    1    4    0    0    1    1    1 |      32       8 |    4096    1024 |   OK      9 ms |     19.26 ms |       5.70 |   7136.8 |           24.1 |     results match |
|  205 |   578 |    0   32   32   32   32   16   32   16    2    1    1    0    0    0    0    1 |      32      16 |    4096    2048 |   OK      9 ms |     49.22 ms |      14.58 |   2792.3 |            9.4 |     results match |
|  206 |   578 |    0   32   32   32   32   16   32   16    2    1    1    0    0    1    1    1 |      32      16 |    4096    2048 |   OK     10 ms |     32.93 ms |       9.66 |   4173.6 |           14.2 |     results match |
|  207 |   578 |    0   32   32   32   32   16   32   16    2    1    2    0    0    0    0    1 |      32      16 |    4096    2048 |   OK     10 ms |     35.44 ms |      10.49 |   3877.6 |           13.1 |     results match |
|  208 |   578 |    0   32   32   32   32   16   32   16    2    1    2    0    0    1    1    1 |      32      16 |    4096    2048 |   OK     11 ms |     24.08 ms |       7.16 |   5705.8 |           19.2 |     results match |
|  209 |   578 |    0   32   32   32   32   32   32   32    2    1    1    0    0    0    0    1 |      32      32 |    4096    4096 |   OK     11 ms |     63.03 ms |      18.58 |   2180.4 |            7.4 |     results match |
|  210 |   578 |    0   32   32   32   32   32   32   32    2    1    1    0    0    1    1    1 |      32      32 |    4096    4096 |   OK      9 ms |     41.57 ms |      12.43 |   3305.9 |           11.1 |     results match |
|  211 |   578 |    0   32   64   32    8    8    8    8    2    1    1    0    0    0    0    1 |       8       8 |    1024     512 |   OK      9 ms |     16.18 ms |       4.74 |   8490.7 |           29.0 |     results match |
|  212 |   578 |    0   32   64   32    8    8    8    8    2    1    1    0    0    1    1    1 |       8       8 |    1024     512 |   OK     10 ms |     21.80 ms |       6.45 |   6304.4 |           21.3 |     results match |
|  213 |   578 |    0   32   64   32    8    8    8    8    2    1    2    0    0    0    0    1 |       8       8 |    1024     512 |   OK     11 ms |     15.75 ms |       4.63 |   8727.7 |           29.7 |     results match |
|  214 |   578 |    0   32   64   32    8    8    8    8    2    1    2    0    0    1    1    1 |       8       8 |    1024     512 |   OK     11 ms |     17.10 ms |       5.06 |   8035.7 |           27.2 |     results match |
|  215 |   578 |    0   32   64   32    8    8    8    8    2    1    4    0    0    0    0    1 |       8       8 |    1024     512 |   OK      8 ms |     15.70 ms |       4.59 |   8752.3 |           30.0 |     results match |
|  216 |   578 |    0   32   64   32    8    8    8    8    2    1    4    0    0    1    1    1 |       8       8 |    1024     512 |   OK     10 ms |     15.32 ms |       4.53 |   8967.7 |           30.3 |     results match |
|  217 |   578 |    0   32   64   32    8    8    8    8    2    2    1    0    0    0    0    1 |       8       8 |    1024     512 |   OK     13 ms |     16.27 ms |       4.78 |   8448.3 |           28.7 |     results match |
|  218 |   578 |    0   32   64   32    8    8    8    8    2    2    1    0    0    1    1    1 |       8       8 |    1024     512 |   OK      9 ms |     16.81 ms |       4.99 |   8174.8 |           27.5 |     results match |
|  219 |   578 |    0   32   64   32    8    8    8    8    2    2    2    0    0    0    0    1 |       8       8 |    1024     512 |   OK     10 ms |     15.50 ms |       4.55 |   8866.5 |           30.2 |     results match |
|  220 |   578 |    0   32   64   32    8    8    8    8    2    2    2    0    0    1    1    1 |       8       8 |    1024     512 |   OK      9 ms |     15.83 ms |       4.71 |   8682.5 |           29.2 |     results match |
|  221 |   578 |    0   32   64   32    8    8    8    8    2    2    4    0    0    0    0    1 |       8       8 |    1024     512 |   OK      9 ms |     15.12 ms |       4.46 |   9088.5 |           30.8 |     results match |
|  222 |   578 |    0   32   64   32    8    8    8    8    2    2    4    0    0    1    1    1 |       8       8 |    1024     512 |   OK     11 ms |     14.06 ms |       4.19 |   9774.1 |           32.8 |     results match |
|  223 |   578 |    0   32   64   32    8    8    8    8    2    4    1    0    0    0    0    1 |       8       8 |    1024     512 |   OK      9 ms |     15.39 ms |       4.54 |   8929.9 |           30.3 |     results match |
|  224 |   578 |    0   32   64   32    8    8    8    8    2    4    1    0    0    1    1    1 |       8       8 |    1024     512 |   OK     10 ms |     14.69 ms |       4.36 |   9357.2 |           31.5 |     results match |
|  225 |   578 |    0   32   64   32    8    8    8    8    2    4    2    0    0    0    0    1 |       8       8 |    1024     512 |   OK      9 ms |     15.32 ms |       4.51 |   8972.7 |           30.5 |     results match |
|  226 |   578 |    0   32   64   32    8    8    8    8    2    4    2    0    0    1    1    1 |       8       8 |    1024     512 |   OK     10 ms |     14.12 ms |       4.16 |   9732.7 |           33.0 |     results match |
|  227 |   578 |    0   32   64   32    8    8    8    8    2    4    4    0    0    0    0    1 |       8       8 |    1024     512 |   OK     10 ms |     14.92 ms |       4.40 |   9212.0 |           31.3 |     results match |
|  228 |   578 |    0   32   64   32    8    8    8    8    2    4    4    0    0    1    1    1 |       8       8 |    1024     512 |   OK      9 ms |     13.76 ms |       4.07 |   9989.4 |           33.7 |     results match |
|  229 |   578 |    0   32   64   32    8   16    8   16    2    1    1    0    0    0    0    1 |       8      16 |    1024    1024 |   OK     11 ms |     19.40 ms |       5.75 |   7082.5 |           23.9 |     results match |
|  230 |   578 |    0   32   64   32    8   16    8   16    2    1    1    0    0    1    1    1 |       8      16 |    1024    1024 |   OK      9 ms |     18.27 ms |       5.39 |   7520.4 |           25.5 |     results match |
|  231 |   578 |    0   32   64   32    8   16    8   16    2    1    2    0    0    0    0    1 |       8      16 |    1024    1024 |   OK     10 ms |     19.20 ms |       5.69 |   7158.4 |           24.1 |     results match |
|  232 |   578 |    0   32   64   32    8   16    8   16    2    1    2    0    0    1    1    1 |       8      16 |    1024    1024 |   OK      9 ms |     15.39 ms |       4.52 |   8930.4 |           30.4 |     results match |
|  233 |   578 |    0   32   64   32    8   16    8   16    2    1    4    0    0    0    0    1 |       8      16 |    1024    1024 |   OK     10 ms |     15.79 ms |       4.65 |   8701.1 |           29.5 |     results match |
|  234 |   578 |    0   32   64   32    8   16    8   16    2    1    4    0    0    1    1    1 |       8      16 |    1024    1024 |   OK      9 ms |     14.25 ms |       4.21 |   9640.4 |           32.6 |     results match |
|  235 |   578 |    0   32   64   32    8   16    8   16    2    2    1    0    0    0    0    1 |       8      16 |    1024    1024 |   OK     11 ms |     17.95 ms |       5.27 |   7656.3 |           26.1 |     results match |
|  236 |   578 |    0   32   64   32    8   16    8   16    2    2    1    0    0    1    1    1 |       8      16 |    1024    1024 |   OK      9 ms |     14.94 ms |       4.39 |   9200.4 |           31.3 |     results match |
|  237 |   578 |    0   32   64   32    8   16    8   16    2    2    2    0    0    0    0    1 |       8      16 |    1024    1024 |   OK      8 ms |     17.69 ms |       5.21 |   7768.8 |           26.4 |     results match |
|  238 |   578 |    0   32   64   32    8   16    8   16    2    2    2    0    0    1    1    1 |       8      16 |    1024    1024 |   OK     10 ms |     14.28 ms |       4.19 |   9621.3 |           32.8 |     results match |
|  239 |   578 |    0   32   64   32    8   16    8   16    2    2    4    0    0    0    0    1 |       8      16 |    1024    1024 |   OK      8 ms |     15.48 ms |       4.57 |   8880.2 |           30.1 |     results match |
|  240 |   578 |    0   32   64   32    8   16    8   16    2    2    4    0    0    1    1    1 |       8      16 |    1024    1024 |   OK      9 ms |     13.17 ms |       3.91 |  10434.3 |           35.2 |     results match |
|  241 |   578 |    0   32   64   32    8   16    8   16    2    4    1    0    0    0    0    1 |       8      16 |    1024    1024 |   OK      9 ms |     16.68 ms |       4.93 |   8239.2 |           27.9 |     results match |
|  242 |   578 |    0   32   64   32    8   16    8   16    2    4    1    0    0    1    1    1 |       8      16 |    1024    1024 |   OK     11 ms |     13.58 ms |       4.05 |  10121.8 |           34.0 |     results match |
|  243 |   578 |    0   32   64   32    8   16    8   16    2    4    2    0    0    0    0    1 |       8      16 |    1024    1024 |   OK      8 ms |     18.00 ms |       5.26 |   7635.0 |           26.1 |     results match |
|  244 |   578 |    0   32   64   32    8   16    8   16    2    4    2    0    0    1    1    1 |       8      16 |    1024    1024 |   OK      8 ms |     13.01 ms |       3.86 |  10565.5 |           35.6 |     results match |
|  245 |   578 |    0   32   64   32    8   16    8   16    2    4    4    0    0    0    0    1 |       8      16 |    1024    1024 |   OK     13 ms |     14.21 ms |       4.22 |   9673.5 |           32.6 |     results match |
|  246 |   578 |    0   32   64   32    8   16    8   16    2    4    4    0    0    1    1    1 |       8      16 |    1024    1024 |   OK     10 ms |     12.43 ms |       3.69 |  11057.8 |           37.2 |     results match |
|  247 |   578 |    0   32   64   32    8   32    8   32    2    1    1    0    0    0    0    1 |       8      32 |    1024    2048 |   OK     10 ms |     24.78 ms |       7.25 |   5545.4 |           19.0 |     results match |
|  248 |   578 |    0   32   64   32    8   32    8   32    2    1    1    0    0    1    1    1 |       8      32 |    1024    2048 |   OK      9 ms |     20.30 ms |       6.02 |   6768.9 |           22.8 |     results match |
|  249 |   578 |    0   32   64   32    8   32    8   32    2    1    2    0    0    0    0    1 |       8      32 |    1024    2048 |   OK      9 ms |     21.66 ms |       6.34 |   6343.4 |           21.7 |     results match |
|  250 |   578 |    0   32   64   32    8   32    8   32    2    1    2    0    0    1    1    1 |       8      32 |    1024    2048 |   OK      9 ms |     17.12 ms |       5.03 |   8024.9 |           27.3 |     results match |
|  251 |   578 |    0   32   64   32    8   32    8   32    2    2    1    0    0    0    0    1 |       8      32 |    1024    2048 |   OK     12 ms |     22.47 ms |       6.68 |   6116.5 |           20.6 |     results match |
|  252 |   578 |    0   32   64   32    8   32    8   32    2    2    1    0    0    1    1    1 |       8      32 |    1024    2048 |   OK      9 ms |     16.50 ms |       4.84 |   8329.0 |           28.4 |     results match |
|  253 |   578 |    0   32   64   32    8   32    8   32    2    2    2    0    0    0    0    1 |       8      32 |    1024    2048 |   OK     11 ms |     19.40 ms |       5.76 |   7085.3 |           23.8 |     results match |
|  254 |   578 |    0   32   64   32    8   32    8   32    2    2    2    0    0    1    1    1 |       8      32 |    1024    2048 |   OK      9 ms |     15.75 ms |       4.68 |   8726.9 |           29.4 |     results match |
|  255 |   578 |    0   32   64   32    8   32    8   32    2    4    1    0    0    0    0    1 |       8      32 |    1024    2048 |   OK      9 ms |     23.79 ms |       6.97 |   5777.1 |           19.7 |     results match |
|  256 |   578 |    0   32   64   32    8   32    8   32    2    4    1    0    0    1    1    1 |       8      32 |    1024    2048 |   OK     10 ms |     16.41 ms |       4.85 |   8372.1 |           28.4 |     results match |
|  257 |   578 |    0   32   64   32    8   32    8   32    2    4    2    0    0    0    0    1 |       8      32 |    1024    2048 |   OK      9 ms |     17.95 ms |       5.32 |   7653.9 |           25.8 |     results match |
|  258 |   578 |    0   32   64   32    8   32    8   32    2    4    2    0    0    1    1    1 |       8      32 |    1024    2048 |   OK      9 ms |     15.91 ms |       4.69 |   8635.7 |           29.3 |     results match |
|  259 |   578 |    0   32   64   32   16    8   16    8    2    1    1    0    0    0    0    1 |      16       8 |    2048     512 |   OK      9 ms |     21.34 ms |       6.27 |   6439.8 |           21.9 |     results match |
|  260 |   578 |    0   32   64   32   16    8   16    8    2    1    1    0    0    1    1    1 |      16       8 |    2048     512 |   OK      9 ms |     22.69 ms |       6.72 |   6056.2 |           20.4 |     results match |
|  261 |   578 |    0   32   64   32   16    8   16    8    2    1    2    0    0    0    0    1 |      16       8 |    2048     512 |   OK     10 ms |     19.27 ms |       5.72 |   7130.3 |           24.0 |     results match |
|  262 |   578 |    0   32   64   32   16    8   16    8    2    1    2    0    0    1    1    1 |      16       8 |    2048     512 |   OK     10 ms |     16.07 ms |       4.78 |   8549.8 |           28.8 |     results match |
|  263 |   578 |    0   32   64   32   16    8   16    8    2    1    4    0    0    0    0    1 |      16       8 |    2048     512 |   OK      8 ms |     18.98 ms |       5.58 |   7241.4 |           24.6 |     results match |
|  264 |   578 |    0   32   64   32   16    8   16    8    2    1    4    0    0    1    1    1 |      16       8 |    2048     512 |   OK      8 ms |     14.30 ms |       4.21 |   9610.4 |           32.6 |     results match |
|  265 |   578 |    0   32   64   32   16    8   16    8    2    2    1    0    0    0    0    1 |      16       8 |    2048     512 |   OK      8 ms |     20.16 ms |       5.97 |   6818.0 |           23.0 |     results match |
|  266 |   578 |    0   32   64   32   16    8   16    8    2    2    1    0    0    1    1    1 |      16       8 |    2048     512 |   OK      8 ms |     16.74 ms |       4.97 |   8208.5 |           27.6 |     results match |
|  267 |   578 |    0   32   64   32   16    8   16    8    2    2    2    0    0    0    0    1 |      16       8 |    2048     512 |   OK     10 ms |     17.90 ms |       5.30 |   7677.8 |           25.9 |     results match |
|  268 |   578 |    0   32   64   32   16    8   16    8    2    2    2    0    0    1    1    1 |      16       8 |    2048     512 |   OK      8 ms |     15.52 ms |       4.56 |   8854.8 |           30.1 |     results match |
|  269 |   578 |    0   32   64   32   16    8   16    8    2    2    4    0    0    0    0    1 |      16       8 |    2048     512 |   OK     12 ms |     17.05 ms |       5.02 |   8060.2 |           27.4 |     results match |
|  270 |   578 |    0   32   64   32   16    8   16    8    2    2    4    0    0    1    1    1 |      16       8 |    2048     512 |   OK     10 ms |     13.46 ms |       3.97 |  10211.5 |           34.6 |     results match |
|  271 |   578 |    0   32   64   32   16   16   16   16    2    1    1    0    0    0    0    1 |      16      16 |    2048    1024 |   OK     10 ms |     24.64 ms |       7.21 |   5577.8 |           19.1 |     results match |
|  272 |   578 |    0   32   64   32   16   16   16   16    2    1    1    0    0    1    1    1 |      16      16 |    2048    1024 |   OK     10 ms |     21.14 ms |       6.28 |   6501.7 |           21.9 |     results match |
|  273 |   578 |    0   32   64   32   16   16   16   16    2    1    2    0    0    0    0    1 |      16      16 |    2048    1024 |   OK     10 ms |     20.77 ms |       6.13 |   6616.0 |           22.4 |     results match |
|  274 |   578 |    0   32   64   32   16   16   16   16    2    1    2    0    0    1    1    1 |      16      16 |    2048    1024 |   OK      9 ms |     15.73 ms |       4.68 |   8735.4 |           29.4 |     results match |
|  275 |   578 |    0   32   64   32   16   16   16   16    2    1    4    0    0    0    0    1 |      16      16 |    2048    1024 |   OK      9 ms |     18.40 ms |       5.40 |   7466.6 |           25.4 |     results match |
|  276 |   578 |    0   32   64   32   16   16   16   16    2    1    4    0    0    1    1    1 |      16      16 |    2048    1024 |   OK     11 ms |     14.36 ms |       4.26 |   9572.8 |           32.2 |     results match |
|  277 |   578 |    0   32   64   32   16   16   16   16    2    2    1    0    0    0    0    1 |      16      16 |    2048    1024 |   OK      9 ms |     25.66 ms |       7.47 |   5356.2 |           18.4 |     results match |
|  278 |   578 |    0   32   64   32   16   16   16   16    2    2    1    0    0    1    1    1 |      16      16 |    2048    1024 |   OK     11 ms |     15.68 ms |       4.66 |   8763.3 |           29.5 |     results match |
|  279 |   578 |    0   32   64   32   16   16   16   16    2    2    2    0    0    0    0    1 |      16      16 |    2048    1024 |   OK     10 ms |     23.58 ms |       6.91 |   5828.7 |           19.9 |     results match |
|  280 |   578 |    0   32   64   32   16   16   16   16    2    2    2    0    0    1    1    1 |      16      16 |    2048    1024 |   OK     10 ms |     14.90 ms |       4.40 |   9225.2 |           31.3 |     results match |
|  281 |   578 |    0   32   64   32   16   16   16   16    2    2    4    0    0    0    0    1 |      16      16 |    2048    1024 |   OK      9 ms |     17.78 ms |       5.24 |   7729.6 |           26.2 |     results match |
|  282 |   578 |    0   32   64   32   16   16   16   16    2    2    4    0    0    1    1    1 |      16      16 |    2048    1024 |   OK      9 ms |     13.97 ms |       4.15 |   9835.0 |           33.1 |     results match |
|  283 |   578 |    0   32   64   32   16   32   16   32    2    1    1    0    0    0    0    1 |      16      32 |    2048    2048 |   OK      9 ms |     32.09 ms |       9.48 |   4282.6 |           14.5 |     results match |
|  284 |   578 |    0   32   64   32   16   32   16   32    2    1    1    0    0    1    1    1 |      16      32 |    2048    2048 |   OK      9 ms |     23.73 ms |       7.03 |   5790.0 |           19.6 |     results match |
|  285 |   578 |    0   32   64   32   16   32   16   32    2    1    2    0    0    0    0    1 |      16      32 |    2048    2048 |   OK      9 ms |     26.69 ms |       7.90 |   5148.2 |           17.4 |     results match |
|  286 |   578 |    0   32   64   32   16   32   16   32    2    1    2    0    0    1    1    1 |      16      32 |    2048    2048 |   OK      9 ms |     18.79 ms |       5.57 |   7312.2 |           24.7 |     results match |
|  287 |   578 |    0   32   64   32   16   32   16   32    2    2    1    0    0    0    0    1 |      16      32 |    2048    2048 |   OK     13 ms |     28.71 ms |       8.45 |   4786.2 |           16.3 |     results match |
|  288 |   578 |    0   32   64   32   16   32   16   32    2    2    1    0    0    1    1    1 |      16      32 |    2048    2048 |   OK     12 ms |     18.50 ms |       5.48 |   7426.7 |           25.1 |     results match |
|  289 |   578 |    0   32   64   32   16   32   16   32    2    2    2    0    0    0    0    1 |      16      32 |    2048    2048 |   OK     10 ms |     23.13 ms |       6.85 |   5942.4 |           20.1 |     results match |
|  290 |   578 |    0   32   64   32   16   32   16   32    2    2    2    0    0    1    1    1 |      16      32 |    2048    2048 |   OK     10 ms |     17.66 ms |       5.24 |   7782.2 |           26.2 |     results match |
|  291 |   578 |    0   32   64   32   32    8   32    8    2    1    1    0    0    0    0    1 |      32       8 |    4096     512 |   OK      9 ms |     34.62 ms |      10.10 |   3969.7 |           13.6 |     results match |
|  292 |   578 |    0   32   64   32   32    8   32    8    2    1    1    0    0    1    1    1 |      32       8 |    4096     512 |   OK      9 ms |     30.35 ms |       8.84 |   4527.6 |           15.5 |     results match |
|  293 |   578 |    0   32   64   32   32    8   32    8    2    1    2    0    0    0    0    1 |      32       8 |    4096     512 |   OK      9 ms |     26.62 ms |       7.80 |   5162.1 |           17.6 |     results match |
|  294 |   578 |    0   32   64   32   32    8   32    8    2    1    2    0    0    1    1    1 |      32       8 |    4096     512 |   OK     12 ms |     18.78 ms |       5.58 |   7318.4 |           24.6 |     results match |
|  295 |   578 |    0   32   64   32   32    8   32    8    2    1    4    0    0    0    0    1 |      32       8 |    4096     512 |   OK      9 ms |     24.57 ms |       7.24 |   5593.6 |           19.0 |     results match |
|  296 |   578 |    0   32   64   32   32    8   32    8    2    1    4    0    0    1    1    1 |      32       8 |    4096     512 |   OK      9 ms |     16.70 ms |       4.95 |   8230.0 |           27.7 |     results match |
|  297 |   578 |    0   32   64   32   32   16   32   16    2    1    1    0    0    0    0    1 |      32      16 |    4096    1024 |   OK     10 ms |     38.14 ms |      11.32 |   3602.7 |           12.1 |     results match |
|  298 |   578 |    0   32   64   32   32   16   32   16    2    1    1    0    0    1    1    1 |      32      16 |    4096    1024 |   OK      8 ms |     29.11 ms |       8.58 |   4720.1 |           16.0 |     results match |
|  299 |   578 |    0   32   64   32   32   16   32   16    2    1    2    0    0    0    0    1 |      32      16 |    4096    1024 |   OK     12 ms |     32.40 ms |       9.59 |   4241.8 |           14.3 |     results match |
|  300 |   578 |    0   32   64   32   32   16   32   16    2    1    2    0    0    1    1    1 |      32      16 |    4096    1024 |   OK     10 ms |     19.46 ms |       5.75 |   7061.7 |           23.9 |     results match |
|  301 |   578 |    0   32   64   32   32   16   32   16    2    1    4    0    0    0    0    1 |      32      16 |    4096    1024 |   OK     10 ms |     26.55 ms |       7.88 |   5175.1 |           17.4 |     results match |
|  302 |   578 |    0   32   64   32   32   16   32   16    2    1    4    0    0    1    1    1 |      32      16 |    4096    1024 |   OK      8 ms |     17.82 ms |       5.25 |   7713.0 |           26.2 |     results match |
|  303 |   578 |    0   32   64   32   32   32   32   32    2    1    1    0    0    0    0    1 |      32      32 |    4096    2048 |   OK      9 ms |     48.41 ms |      14.21 |   2838.5 |            9.7 |     results match |
|  304 |   578 |    0   32   64   32   32   32   32   32    2    1    1    0    0    1    1    1 |      32      32 |    4096    2048 |   OK      9 ms |     31.79 ms |       9.45 |   4323.1 |           14.5 |     results match |
|  305 |   578 |    0   32   64   32   32   32   32   32    2    1    2    0    0    0    0    1 |      32      32 |    4096    2048 |   OK      9 ms |     34.96 ms |      10.28 |   3931.0 |           13.4 |     results match |
|  306 |   578 |    0   32   64   32   32   32   32   32    2    1    2    0    0    1    1    1 |      32      32 |    4096    2048 |   OK     10 ms |     23.02 ms |       6.82 |   5970.5 |           20.2 |     results match |
|  307 |   578 |    0   64   16   32    8    8    8    8    2    1    1    0    0    0    0    1 |       8       8 |     512    2048 |   OK      9 ms |     27.55 ms |       8.04 |   4988.5 |           17.1 |     results match |
|  308 |   578 |    0   64   16   32    8    8    8    8    2    1    1    0    0    1    1    1 |       8       8 |     512    2048 |   OK      9 ms |     40.78 ms |      11.28 |   3370.1 |           12.2 |     results match |
|  309 |   578 |    0   64   16   32    8    8    8    8    2    1    2    0    0    0    0    1 |       8       8 |     512    2048 |   OK      9 ms |     26.73 ms |       7.89 |   5141.3 |           17.4 |     results match |
|  310 |   578 |    0   64   16   32    8    8    8    8    2    1    2    0    0    1    1    1 |       8       8 |     512    2048 |   OK     10 ms |     38.52 ms |      10.65 |   3567.6 |           12.9 |     results match |
|  311 |   578 |    0   64   16   32    8    8    8    8    2    2    1    0    0    0    0    1 |       8       8 |     512    2048 |   OK     10 ms |     24.53 ms |       7.19 |   5602.1 |           19.1 |     results match |
|  312 |   578 |    0   64   16   32    8    8    8    8    2    2    1    0    0    1    1    1 |       8       8 |     512    2048 |   OK      9 ms |     30.88 ms |       9.09 |   4450.5 |           15.1 |     results match |
|  313 |   578 |    0   64   16   32    8    8    8    8    2    2    2    0    0    0    0    1 |       8       8 |     512    2048 |   OK      9 ms |     24.07 ms |       7.03 |   5710.1 |           19.6 |     results match |
|  314 |   578 |    0   64   16   32    8    8    8    8    2    2    2    0    0    1    1    1 |       8       8 |     512    2048 |   OK      8 ms |     30.00 ms |       8.86 |   4580.2 |           15.5 |     results match |
|  315 |   578 |    0   64   16   32    8    8    8    8    2    4    1    0    0    0    0    1 |       8       8 |     512    2048 |   OK     10 ms |     23.21 ms |       6.81 |   5921.4 |           20.2 |     results match |
|  316 |   578 |    0   64   16   32    8    8    8    8    2    4    1    0    0    1    1    1 |       8       8 |     512    2048 |   OK     10 ms |     27.04 ms |       7.94 |   5082.6 |           17.3 |     results match |
|  317 |   578 |    0   64   16   32    8    8    8    8    2    4    2    0    0    0    0    1 |       8       8 |     512    2048 |   OK      8 ms |     23.77 ms |       6.99 |   5781.2 |           19.7 |     results match |
|  318 |   578 |    0   64   16   32    8    8    8    8    2    4    2    0    0    1    1    1 |       8       8 |     512    2048 |   OK     11 ms |     26.47 ms |       7.79 |   5191.8 |           17.6 |     results match |
|  319 |   578 |    0   64   16   32    8   16    8   16    2    1    1    0    0    0    0    1 |       8      16 |     512    4096 |   OK     10 ms |     42.93 ms |      12.45 |   3201.4 |           11.0 |     results match |
|  320 |   578 |    0   64   16   32    8   16    8   16    2    1    1    0    0    1    1    1 |       8      16 |     512    4096 |   OK     10 ms |     57.53 ms |      13.37 |   2388.9 |           10.3 |     results match |
|  321 |   578 |    0   64   16   32    8   16    8   16    2    2    1    0    0    0    0    1 |       8      16 |     512    4096 |   OK      9 ms |     39.52 ms |      11.47 |   3477.3 |           12.0 |     results match |
|  322 |   578 |    0   64   16   32    8   16    8   16    2    2    1    0    0    1    1    1 |       8      16 |     512    4096 |   OK     10 ms |     47.99 ms |      11.98 |   2863.8 |           11.5 |     results match |
|  323 |   578 |    0   64   16   32    8   16    8   16    2    4    1    0    0    0    0    1 |       8      16 |     512    4096 |   OK     10 ms |     38.12 ms |      11.23 |   3605.0 |           12.2 |     results match |
|  324 |   578 |    0   64   16   32    8   16    8   16    2    4    1    0    0    1    1    1 |       8      16 |     512    4096 |   OK      9 ms |     43.54 ms |      11.41 |   3156.0 |           12.0 |     results match |
|  325 |   578 |    0   64   16   32   16    8   16    8    2    1    1    0    0    0    0    1 |      16       8 |    1024    2048 |   OK     10 ms |     27.88 ms |       8.24 |   4928.8 |           16.7 |     results match |
|  326 |   578 |    0   64   16   32   16    8   16    8    2    1    1    0    0    1    1    1 |      16       8 |    1024    2048 |   OK      9 ms |     34.37 ms |      10.12 |   3998.1 |           13.6 |     results match |
|  327 |   578 |    0   64   16   32   16    8   16    8    2    1    2    0    0    0    0    1 |      16       8 |    1024    2048 |   OK      9 ms |     27.01 ms |       7.91 |   5087.2 |           17.4 |     results match |
|  328 |   578 |    0   64   16   32   16    8   16    8    2    1    2    0    0    1    1    1 |      16       8 |    1024    2048 |   OK     10 ms |     31.42 ms |       9.29 |   4373.1 |           14.8 |     results match |
|  329 |   578 |    0   64   16   32   16    8   16    8    2    2    1    0    0    0    0    1 |      16       8 |    1024    2048 |   OK      9 ms |     27.06 ms |       7.95 |   5078.8 |           17.3 |     results match |
|  330 |   578 |    0   64   16   32   16    8   16    8    2    2    1    0    0    1    1    1 |      16       8 |    1024    2048 |   OK      9 ms |     28.12 ms |       8.28 |   4886.3 |           16.6 |     results match |
|  331 |   578 |    0   64   16   32   16    8   16    8    2    2    2    0    0    0    0    1 |      16       8 |    1024    2048 |   OK      9 ms |     26.22 ms |       7.73 |   5241.0 |           17.8 |     results match |
|  332 |   578 |    0   64   16   32   16    8   16    8    2    2    2    0    0    1    1    1 |      16       8 |    1024    2048 |   OK      8 ms |     27.64 ms |       8.11 |   4971.7 |           17.0 |     results match |
|  333 |   578 |    0   64   16   32   16    8   16    8    2    4    1    0    0    0    0    1 |      16       8 |    1024    2048 |   OK     12 ms |     24.96 ms |       7.26 |   5505.1 |           18.9 |     results match |
|  334 |   578 |    0   64   16   32   16    8   16    8    2    4    1    0    0    1    1    1 |      16       8 |    1024    2048 |   OK      9 ms |     20.68 ms |       6.13 |   6646.7 |           22.4 |     results match |
|  335 |   578 |    0   64   16   32   16    8   16    8    2    4    2    0    0    0    0    1 |      16       8 |    1024    2048 |   OK      9 ms |     20.44 ms |       6.05 |   6724.2 |           22.7 |     results match |
|  336 |   578 |    0   64   16   32   16    8   16    8    2    4    2    0    0    1    1    1 |      16       8 |    1024    2048 |   OK     11 ms |     20.10 ms |       5.95 |   6838.6 |           23.1 |     results match |
|  337 |   578 |    0   64   16   32   16   16   16   16    2    1    1    0    0    0    0    1 |      16      16 |    1024    4096 |   OK     10 ms |     45.52 ms |      13.41 |   3019.1 |           10.2 |     results match |
|  338 |   578 |    0   64   16   32   16   16   16   16    2    1    1    0    0    1    1    1 |      16      16 |    1024    4096 |   OK     10 ms |     50.46 ms |      13.22 |   2723.2 |           10.4 |     results match |
|  339 |   578 |    0   64   16   32   16   16   16   16    2    2    1    0    0    0    0    1 |      16      16 |    1024    4096 |   OK      8 ms |     41.71 ms |      12.25 |   3294.4 |           11.2 |     results match |
|  340 |   578 |    0   64   16   32   16   16   16   16    2    2    1    0    0    1    1    1 |      16      16 |    1024    4096 |   OK     10 ms |     45.62 ms |      12.33 |   3012.4 |           11.1 |     results match |
|  341 |   578 |    0   64   16   32   16   16   16   16    2    4    1    0    0    0    0    1 |      16      16 |    1024    4096 |   OK      8 ms |     29.36 ms |       8.66 |   4680.5 |           15.9 |     results match |
|  342 |   578 |    0   64   16   32   16   16   16   16    2    4    1    0    0    1    1    1 |      16      16 |    1024    4096 |   OK     10 ms |     28.92 ms |       8.60 |   4751.9 |           16.0 |     results match |
|  343 |   578 |    0   64   16   32   32    8   32    8    2    1    1    0    0    0    0    1 |      32       8 |    2048    2048 |   OK      9 ms |     35.56 ms |      10.51 |   3865.0 |           13.1 |     results match |
|  344 |   578 |    0   64   16   32   32    8   32    8    2    1    1    0    0    1    1    1 |      32       8 |    2048    2048 |   OK      9 ms |     34.77 ms |      10.27 |   3952.9 |           13.4 |     results match |
|  345 |   578 |    0   64   16   32   32    8   32    8    2    1    2    0    0    0    0    1 |      32       8 |    2048    2048 |   OK      9 ms |     32.02 ms |       9.43 |   4292.4 |           14.6 |     results match |
|  346 |   578 |    0   64   16   32   32    8   32    8    2    1    2    0    0    1    1    1 |      32       8 |    2048    2048 |   OK      9 ms |     29.96 ms |       8.92 |   4586.2 |           15.4 |     results match |
|  347 |   578 |    0   64   16   32   32    8   32    8    2    2    1    0    0    0    0    1 |      32       8 |    2048    2048 |   OK     19 ms |     30.96 ms |       9.16 |   4439.0 |           15.0 |     results match |
|  348 |   578 |    0   64   16   32   32    8   32    8    2    2    1    0    0    1    1    1 |      32       8 |    2048    2048 |   OK      9 ms |     21.37 ms |       6.34 |   6431.7 |           21.7 |     results match |
|  349 |   578 |    0   64   16   32   32    8   32    8    2    2    2    0    0    0    0    1 |      32       8 |    2048    2048 |   OK     10 ms |     26.29 ms |       7.80 |   5227.4 |           17.6 |     results match |
|  350 |   578 |    0   64   16   32   32    8   32    8    2    2    2    0    0    1    1    1 |      32       8 |    2048    2048 |   OK     10 ms |     21.02 ms |       6.23 |   6536.9 |           22.0 |     results match |
|  351 |   578 |    0   64   16   32   32   16   32   16    2    1    1    0    0    0    0    1 |      32      16 |    2048    4096 |   OK      9 ms |     53.44 ms |      15.78 |   2571.7 |            8.7 |     results match |
|  352 |   578 |    0   64   16   32   32   16   32   16    2    1    1    0    0    1    1    1 |      32      16 |    2048    4096 |   OK      9 ms |     50.68 ms |      14.02 |   2711.5 |            9.8 |     results match |
|  353 |   578 |    0   64   16   32   32   16   32   16    2    2    1    0    0    0    0    1 |      32      16 |    2048    4096 |   OK      9 ms |     37.36 ms |      11.13 |   3678.2 |           12.4 |     results match |
|  354 |   578 |    0   64   16   32   32   16   32   16    2    2    1    0    0    1    1    1 |      32      16 |    2048    4096 |   OK     10 ms |     33.07 ms |       9.74 |   4155.2 |           14.1 |     results match |
|  355 |   578 |    0   64   32   32    8    8    8    8    2    1    1    0    0    0    0    1 |       8       8 |     512    1024 |   OK     10 ms |     17.93 ms |       5.24 |   7665.4 |           26.2 |     results match |
|  356 |   578 |    0   64   32   32    8    8    8    8    2    1    1    0    0    1    1    1 |       8       8 |     512    1024 |   OK      9 ms |     24.31 ms |       7.16 |   5653.2 |           19.2 |     results match |
|  357 |   578 |    0   64   32   32    8    8    8    8    2    1    2    0    0    0    0    1 |       8       8 |     512    1024 |   OK      9 ms |     17.57 ms |       5.16 |   7821.1 |           26.6 |     results match |
|  358 |   578 |    0   64   32   32    8    8    8    8    2    1    2    0    0    1    1    1 |       8       8 |     512    1024 |   OK     12 ms |     22.31 ms |       6.59 |   6160.1 |           20.8 |     results match |
|  359 |   578 |    0   64   32   32    8    8    8    8    2    1    4    0    0    0    0    1 |       8       8 |     512    1024 |   OK     10 ms |     16.06 ms |       4.70 |   8554.3 |           29.2 |     results match |
|  360 |   578 |    0   64   32   32    8    8    8    8    2    1    4    0    0    1    1    1 |       8       8 |     512    1024 |   OK     12 ms |     21.62 ms |       6.38 |   6357.2 |           21.5 |     results match |
|  361 |   578 |    0   64   32   32    8    8    8    8    2    2    1    0    0    0    0    1 |       8       8 |     512    1024 |   OK      9 ms |     16.15 ms |       4.73 |   8509.8 |           29.1 |     results match |
|  362 |   578 |    0   64   32   32    8    8    8    8    2    2    1    0    0    1    1    1 |       8       8 |     512    1024 |   OK     10 ms |     18.81 ms |       5.55 |   7306.7 |           24.8 |     results match |
|  363 |   578 |    0   64   32   32    8    8    8    8    2    2    2    0    0    0    0    1 |       8       8 |     512    1024 |   OK     10 ms |     16.81 ms |       4.94 |   8173.0 |           27.8 |     results match |
|  364 |   578 |    0   64   32   32    8    8    8    8    2    2    2    0    0    1    1    1 |       8       8 |     512    1024 |   OK     10 ms |     18.47 ms |       5.43 |   7442.1 |           25.3 |     results match |
|  365 |   578 |    0   64   32   32    8    8    8    8    2    2    4    0    0    0    0    1 |       8       8 |     512    1024 |   OK      9 ms |     15.59 ms |       4.59 |   8817.5 |           29.9 |     results match |
|  366 |   578 |    0   64   32   32    8    8    8    8    2    2    4    0    0    1    1    1 |       8       8 |     512    1024 |   OK     10 ms |     17.72 ms |       5.25 |   7757.2 |           26.2 |     results match |
|  367 |   578 |    0   64   32   32    8    8    8    8    2    4    1    0    0    0    0    1 |       8       8 |     512    1024 |   OK     10 ms |     16.20 ms |       4.76 |   8482.0 |           28.9 |     results match |
|  368 |   578 |    0   64   32   32    8    8    8    8    2    4    1    0    0    1    1    1 |       8       8 |     512    1024 |   OK     11 ms |     16.44 ms |       4.85 |   8360.0 |           28.3 |     results match |
|  369 |   578 |    0   64   32   32    8    8    8    8    2    4    2    0    0    0    0    1 |       8       8 |     512    1024 |   OK     11 ms |     16.05 ms |       4.72 |   8563.8 |           29.1 |     results match |
|  370 |   578 |    0   64   32   32    8    8    8    8    2    4    2    0    0    1    1    1 |       8       8 |     512    1024 |   OK      9 ms |     16.05 ms |       4.72 |   8560.2 |           29.1 |     results match |
|  371 |   578 |    0   64   32   32    8    8    8    8    2    4    4    0    0    0    0    1 |       8       8 |     512    1024 |   OK      9 ms |     15.07 ms |       4.44 |   9120.2 |           31.0 |     results match |
|  372 |   578 |    0   64   32   32    8    8    8    8    2    4    4    0    0    1    1    1 |       8       8 |     512    1024 |   OK      9 ms |     15.72 ms |       4.65 |   8740.0 |           29.5 |     results match |
|  373 |   578 |    0   64   32   32    8   16    8   16    2    1    1    0    0    0    0    1 |       8      16 |     512    2048 |   OK     10 ms |     24.08 ms |       7.04 |   5707.1 |           19.5 |     results match |
|  374 |   578 |    0   64   32   32    8   16    8   16    2    1    1    0    0    1    1    1 |       8      16 |     512    2048 |   OK     10 ms |     30.70 ms |       8.33 |   4476.9 |           16.5 |     results match |
|  375 |   578 |    0   64   32   32    8   16    8   16    2    1    2    0    0    0    0    1 |       8      16 |     512    2048 |   OK     13 ms |     23.52 ms |       6.89 |   5841.6 |           20.0 |     results match |
|  376 |   578 |    0   64   32   32    8   16    8   16    2    1    2    0    0    1    1    1 |       8      16 |     512    2048 |   OK     10 ms |     28.99 ms |       7.83 |   4739.6 |           17.5 |     results match |
|  377 |   578 |    0   64   32   32    8   16    8   16    2    2    1    0    0    0    0    1 |       8      16 |     512    2048 |   OK     10 ms |     23.00 ms |       6.73 |   5975.6 |           20.4 |     results match |
|  378 |   578 |    0   64   32   32    8   16    8   16    2    2    1    0    0    1    1    1 |       8      16 |     512    2048 |   OK     10 ms |     24.52 ms |       7.24 |   5604.0 |           19.0 |     results match |
|  379 |   578 |    0   64   32   32    8   16    8   16    2    2    2    0    0    0    0    1 |       8      16 |     512    2048 |   OK      9 ms |     22.32 ms |       6.54 |   6157.9 |           21.0 |     results match |
|  380 |   578 |    0   64   32   32    8   16    8   16    2    2    2    0    0    1    1    1 |       8      16 |     512    2048 |   OK     10 ms |     24.17 ms |       6.97 |   5686.3 |           19.7 |     results match |
|  381 |   578 |    0   64   32   32    8   16    8   16    2    4    1    0    0    0    0    1 |       8      16 |     512    2048 |   OK     15 ms |     22.40 ms |       6.52 |   6136.2 |           21.1 |     results match |
|  382 |   578 |    0   64   32   32    8   16    8   16    2    4    1    0    0    1    1    1 |       8      16 |     512    2048 |   OK     10 ms |     22.62 ms |       6.67 |   6076.4 |           20.6 |     results match |
|  383 |   578 |    0   64   32   32    8   16    8   16    2    4    2    0    0    0    0    1 |       8      16 |     512    2048 |   OK      9 ms |     20.88 ms |       6.19 |   6582.1 |           22.2 |     results match |
|  384 |   578 |    0   64   32   32    8   16    8   16    2    4    2    0    0    1    1    1 |       8      16 |     512    2048 |   OK      9 ms |     22.32 ms |       6.57 |   6157.6 |           20.9 |     results match |
|  385 |   578 |    0   64   32   32    8   32    8   32    2    1    1    0    0    0    0    1 |       8      32 |     512    4096 |   OK      9 ms |     42.24 ms |      12.20 |   3253.6 |           11.3 |     results match |
|  386 |   578 |    0   64   32   32    8   32    8   32    2    1    1    0    0    1    1    1 |       8      32 |     512    4096 |   OK     10 ms |     47.88 ms |      10.93 |   2869.8 |           12.6 |     results match |
|  387 |   578 |    0   64   32   32    8   32    8   32    2    2    1    0    0    0    0    1 |       8      32 |     512    4096 |   OK      9 ms |     38.38 ms |      10.83 |   3580.7 |           12.7 |     results match |
|  388 |   578 |    0   64   32   32    8   32    8   32    2    2    1    0    0    1    1    1 |       8      32 |     512    4096 |   OK     10 ms |     42.96 ms |      10.11 |   3199.1 |           13.6 |     results match |
|  389 |   578 |    0   64   32   32    8   32    8   32    2    4    1    0    0    0    0    1 |       8      32 |     512    4096 |   OK      9 ms |     37.89 ms |      10.49 |   3627.3 |           13.1 |     results match |
|  390 |   578 |    0   64   32   32    8   32    8   32    2    4    1    0    0    1    1    1 |       8      32 |     512    4096 |   OK     10 ms |     41.01 ms |       9.77 |   3350.9 |           14.1 |     results match |
|  391 |   578 |    0   64   32   32   16    8   16    8    2    1    1    0    0    0    0    1 |      16       8 |    1024    1024 |   OK      9 ms |     19.65 ms |       5.83 |   6993.7 |           23.6 |     results match |
|  392 |   578 |    0   64   32   32   16    8   16    8    2    1    1    0    0    1    1    1 |      16       8 |    1024    1024 |   OK      9 ms |     21.66 ms |       6.39 |   6343.1 |           21.5 |     results match |
|  393 |   578 |    0   64   32   32   16    8   16    8    2    1    2    0    0    0    0    1 |      16       8 |    1024    1024 |   OK      9 ms |     19.66 ms |       5.83 |   6989.7 |           23.6 |     results match |
|  394 |   578 |    0   64   32   32   16    8   16    8    2    1    2    0    0    1    1    1 |      16       8 |    1024    1024 |   OK      9 ms |     18.90 ms |       5.58 |   7271.0 |           24.6 |     results match |
|  395 |   578 |    0   64   32   32   16    8   16    8    2    1    4    0    0    0    0    1 |      16       8 |    1024    1024 |   OK     10 ms |     17.70 ms |       5.22 |   7764.0 |           26.3 |     results match |
|  396 |   578 |    0   64   32   32   16    8   16    8    2    1    4    0    0    1    1    1 |      16       8 |    1024    1024 |   OK      9 ms |     18.13 ms |       5.38 |   7580.4 |           25.6 |     results match |
|  397 |   578 |    0   64   32   32   16    8   16    8    2    2    1    0    0    0    0    1 |      16       8 |    1024    1024 |   OK     10 ms |     18.77 ms |       5.53 |   7321.0 |           24.8 |     results match |
|  398 |   578 |    0   64   32   32   16    8   16    8    2    2    1    0    0    1    1    1 |      16       8 |    1024    1024 |   OK     10 ms |     17.33 ms |       5.12 |   7931.3 |           26.8 |     results match |
|  399 |   578 |    0   64   32   32   16    8   16    8    2    2    2    0    0    0    0    1 |      16       8 |    1024    1024 |   OK     10 ms |     18.14 ms |       5.35 |   7574.2 |           25.7 |     results match |
|  400 |   578 |    0   64   32   32   16    8   16    8    2    2    2    0    0    1    1    1 |      16       8 |    1024    1024 |   OK     10 ms |     16.74 ms |       4.95 |   8208.1 |           27.7 |     results match |
|  401 |   578 |    0   64   32   32   16    8   16    8    2    2    4    0    0    0    0    1 |      16       8 |    1024    1024 |   OK      9 ms |     16.72 ms |       4.94 |   8218.5 |           27.8 |     results match |
|  402 |   578 |    0   64   32   32   16    8   16    8    2    2    4    0    0    1    1    1 |      16       8 |    1024    1024 |   OK     10 ms |     16.09 ms |       4.76 |   8542.5 |           28.9 |     results match |
|  403 |   578 |    0   64   32   32   16    8   16    8    2    4    1    0    0    0    0    1 |      16       8 |    1024    1024 |   OK     11 ms |     16.85 ms |       4.94 |   8157.4 |           27.8 |     results match |
|  404 |   578 |    0   64   32   32   16    8   16    8    2    4    1    0    0    1    1    1 |      16       8 |    1024    1024 |   OK     10 ms |     13.50 ms |       4.00 |  10180.3 |           34.4 |     results match |
|  405 |   578 |    0   64   32   32   16    8   16    8    2    4    2    0    0    0    0    1 |      16       8 |    1024    1024 |   OK      9 ms |     17.89 ms |       5.26 |   7681.7 |           26.1 |     results match |
|  406 |   578 |    0   64   32   32   16    8   16    8    2    4    2    0    0    1    1    1 |      16       8 |    1024    1024 |   OK     11 ms |     13.41 ms |       3.95 |  10248.6 |           34.8 |     results match |
|  407 |   578 |    0   64   32   32   16    8   16    8    2    4    4    0    0    0    0    1 |      16       8 |    1024    1024 |   OK     12 ms |     14.54 ms |       4.31 |   9449.8 |           31.9 |     results match |
|  408 |   578 |    0   64   32   32   16    8   16    8    2    4    4    0    0    1    1    1 |      16       8 |    1024    1024 |   OK      9 ms |     12.90 ms |       3.81 |  10653.9 |           36.1 |     results match |
|  409 |   578 |    0   64   32   32   16   16   16   16    2    1    1    0    0    0    0    1 |      16      16 |    1024    2048 |   OK     10 ms |     26.77 ms |       7.82 |   5133.6 |           17.6 |     results match |
|  410 |   578 |    0   64   32   32   16   16   16   16    2    1    1    0    0    1    1    1 |      16      16 |    1024    2048 |   OK      9 ms |     28.37 ms |       8.36 |   4844.0 |           16.4 |     results match |
|  411 |   578 |    0   64   32   32   16   16   16   16    2    1    2    0    0    0    0    1 |      16      16 |    1024    2048 |   OK     17 ms |     25.20 ms |       7.39 |   5452.7 |           18.6 |     results match |
|  412 |   578 |    0   64   32   32   16   16   16   16    2    1    2    0    0    1    1    1 |      16      16 |    1024    2048 |   OK     10 ms |     25.58 ms |       7.55 |   5372.1 |           18.2 |     results match |
|  413 |   578 |    0   64   32   32   16   16   16   16    2    2    1    0    0    0    0    1 |      16      16 |    1024    2048 |   OK     10 ms |     25.58 ms |       7.51 |   5373.0 |           18.3 |     results match |
|  414 |   578 |    0   64   32   32   16   16   16   16    2    2    1    0    0    1    1    1 |      16      16 |    1024    2048 |   OK     10 ms |     24.23 ms |       7.15 |   5670.5 |           19.2 |     results match |
|  415 |   578 |    0   64   32   32   16   16   16   16    2    2    2    0    0    0    0    1 |      16      16 |    1024    2048 |   OK      8 ms |     24.38 ms |       7.16 |   5636.3 |           19.2 |     results match |
|  416 |   578 |    0   64   32   32   16   16   16   16    2    2    2    0    0    1    1    1 |      16      16 |    1024    2048 |   OK      9 ms |     23.74 ms |       6.98 |   5789.2 |           19.7 |     results match |
|  417 |   578 |    0   64   32   32   16   16   16   16    2    4    1    0    0    0    0    1 |      16      16 |    1024    2048 |   OK     10 ms |     24.31 ms |       7.10 |   5652.8 |           19.3 |     results match |
|  418 |   578 |    0   64   32   32   16   16   16   16    2    4    1    0    0    1    1    1 |      16      16 |    1024    2048 |   OK      9 ms |     16.66 ms |       4.93 |   8247.4 |           27.9 |     results match |
|  419 |   578 |    0   64   32   32   16   16   16   16    2    4    2    0    0    0    0    1 |      16      16 |    1024    2048 |   OK     10 ms |     18.37 ms |       5.45 |   7480.3 |           25.2 |     results match |
|  420 |   578 |    0   64   32   32   16   16   16   16    2    4    2    0    0    1    1    1 |      16      16 |    1024    2048 |   OK     10 ms |     16.16 ms |       4.78 |   8505.1 |           28.8 |     results match |
|  421 |   578 |    0   64   32   32   16   32   16   32    2    1    1    0    0    0    0    1 |      16      32 |    1024    4096 |   OK     11 ms |     45.87 ms |      13.37 |   2995.6 |           10.3 |     results match |
|  422 |   578 |    0   64   32   32   16   32   16   32    2    1    1    0    0    1    1    1 |      16      32 |    1024    4096 |   OK      9 ms |     45.29 ms |      11.09 |   3034.1 |           12.4 |     results match |
|  423 |   578 |    0   64   32   32   16   32   16   32    2    2    1    0    0    0    0    1 |      16      32 |    1024    4096 |   OK      8 ms |     40.61 ms |      12.01 |   3384.3 |           11.4 |     results match |
|  424 |   578 |    0   64   32   32   16   32   16   32    2    2    1    0    0    1    1    1 |      16      32 |    1024    4096 |   OK      9 ms |     42.68 ms |      10.70 |   3219.7 |           12.8 |     results match |
|  425 |   578 |    0   64   32   32   16   32   16   32    2    4    1    0    0    0    0    1 |      16      32 |    1024    4096 |   OK     10 ms |     27.72 ms |       8.12 |   4957.9 |           16.9 |     results match |
|  426 |   578 |    0   64   32   32   16   32   16   32    2    4    1    0    0    1    1    1 |      16      32 |    1024    4096 |   OK     10 ms |     26.26 ms |       7.72 |   5232.9 |           17.8 |     results match |
|  427 |   578 |    0   64   32   32   32    8   32    8    2    1    1    0    0    0    0    1 |      32       8 |    2048    1024 |   OK     11 ms |     25.22 ms |       7.41 |   5449.2 |           18.6 |     results match |
|  428 |   578 |    0   64   32   32   32    8   32    8    2    1    1    0    0    1    1    1 |      32       8 |    2048    1024 |   OK     10 ms |     23.85 ms |       7.07 |   5762.3 |           19.4 |     results match |
|  429 |   578 |    0   64   32   32   32    8   32    8    2    1    2    0    0    0    0    1 |      32       8 |    2048    1024 |   OK     11 ms |     22.10 ms |       6.54 |   6217.0 |           21.0 |     results match |
|  430 |   578 |    0   64   32   32   32    8   32    8    2    1    2    0    0    1    1    1 |      32       8 |    2048    1024 |   OK      9 ms |     19.24 ms |       5.70 |   7140.9 |           24.1 |     results match |
|  431 |   578 |    0   64   32   32   32    8   32    8    2    1    4    0    0    0    0    1 |      32       8 |    2048    1024 |   OK     10 ms |     20.81 ms |       6.15 |   6604.1 |           22.4 |     results match |
|  432 |   578 |    0   64   32   32   32    8   32    8    2    1    4    0    0    1    1    1 |      32       8 |    2048    1024 |   OK      9 ms |     18.52 ms |       5.45 |   7420.5 |           25.2 |     results match |
|  433 |   578 |    0   64   32   32   32    8   32    8    2    2    1    0    0    0    0    1 |      32       8 |    2048    1024 |   OK      9 ms |     25.76 ms |       7.50 |   5335.3 |           18.3 |     results match |
|  434 |   578 |    0   64   32   32   32    8   32    8    2    2    1    0    0    1    1    1 |      32       8 |    2048    1024 |   OK     11 ms |     15.11 ms |       4.50 |   9092.7 |           30.6 |     results match |
|  435 |   578 |    0   64   32   32   32    8   32    8    2    2    2    0    0    0    0    1 |      32       8 |    2048    1024 |   OK     10 ms |     24.09 ms |       7.08 |   5703.8 |           19.4 |     results match |
|  436 |   578 |    0   64   32   32   32    8   32    8    2    2    2    0    0    1    1    1 |      32       8 |    2048    1024 |   OK      9 ms |     14.70 ms |       4.36 |   9346.7 |           31.5 |     results match |
|  437 |   578 |    0   64   32   32   32    8   32    8    2    2    4    0    0    0    0    1 |      32       8 |    2048    1024 |   OK      9 ms |     18.15 ms |       5.32 |   7571.2 |           25.8 |     results match |
|  438 |   578 |    0   64   32   32   32    8   32    8    2    2    4    0    0    1    1    1 |      32       8 |    2048    1024 |   OK      9 ms |     14.25 ms |       4.21 |   9645.0 |           32.6 |     results match |
|  439 |   578 |    0   64   32   32   32   16   32   16    2    1    1    0    0    0    0    1 |      32      16 |    2048    2048 |   OK     10 ms |     34.24 ms |      10.00 |   4013.1 |           13.7 |     results match |
|  440 |   578 |    0   64   32   32   32   16   32   16    2    1    1    0    0    1    1    1 |      32      16 |    2048    2048 |   OK      9 ms |     30.77 ms |       9.07 |   4466.1 |           15.2 |     results match |
|  441 |   578 |    0   64   32   32   32   16   32   16    2    1    2    0    0    0    0    1 |      32      16 |    2048    2048 |   OK     10 ms |     31.24 ms |       9.13 |   4398.9 |           15.0 |     results match |
|  442 |   578 |    0   64   32   32   32   16   32   16    2    1    2    0    0    1    1    1 |      32      16 |    2048    2048 |   OK     12 ms |     26.23 ms |       7.76 |   5239.7 |           17.7 |     results match |
|  443 |   578 |    0   64   32   32   32   16   32   16    2    2    1    0    0    0    0    1 |      32      16 |    2048    2048 |   OK     10 ms |     28.33 ms |       8.32 |   4851.6 |           16.5 |     results match |
|  444 |   578 |    0   64   32   32   32   16   32   16    2    2    1    0    0    1    1    1 |      32      16 |    2048    2048 |   OK     10 ms |     18.79 ms |       5.52 |   7315.4 |           24.9 |     results match |
|  445 |   578 |    0   64   32   32   32   16   32   16    2    2    2    0    0    0    0    1 |      32      16 |    2048    2048 |   OK      9 ms |     23.41 ms |       6.87 |   5870.3 |           20.0 |     results match |
|  446 |   578 |    0   64   32   32   32   16   32   16    2    2    2    0    0    1    1    1 |      32      16 |    2048    2048 |   OK     10 ms |     18.34 ms |       5.46 |   7491.1 |           25.2 |     results match |
|  447 |   578 |    0   64   32   32   32   32   32   32    2    1    1    0    0    0    0    1 |      32      32 |    2048    4096 |   OK     10 ms |     53.86 ms |      15.93 |   2551.7 |            8.6 |     results match |
|  448 |   578 |    0   64   32   32   32   32   32   32    2    1    1    0    0    1    1    1 |      32      32 |    2048    4096 |   OK     30 ms |     48.12 ms |      12.19 |   2855.9 |           11.3 |     results match |
|  449 |   578 |    0   64   32   32   32   32   32   32    2    2    1    0    0    0    0    1 |      32      32 |    2048    4096 |   OK     10 ms |     35.90 ms |      10.66 |   3828.2 |           12.9 |     results match |
|  450 |   578 |    0   64   32   32   32   32   32   32    2    2    1    0    0    1    1    1 |      32      32 |    2048    4096 |   OK     10 ms |     30.69 ms |       9.14 |   4477.6 |           15.0 |     results match |
|  451 |   578 |    0   64   64   32    8    8    8    8    2    1    1    0    0    0    0    1 |       8       8 |     512     512 |   OK      9 ms |     14.68 ms |       4.25 |   9362.2 |           32.3 |     results match |
|  452 |   578 |    0   64   64   32    8    8    8    8    2    1    1    0    0    1    1    1 |       8       8 |     512     512 |   OK     10 ms |     23.52 ms |       6.09 |   5843.8 |           22.6 |     results match |
|  453 |   578 |    0   64   64   32    8    8    8    8    2    1    2    0    0    0    0    1 |       8       8 |     512     512 |   OK     10 ms |     14.31 ms |       4.17 |   9605.3 |           32.9 |     results match |
|  454 |   578 |    0   64   64   32    8    8    8    8    2    1    2    0    0    1    1    1 |       8       8 |     512     512 |   OK     13 ms |     20.60 ms |       5.53 |   6670.8 |           24.9 |     results match |
|  455 |   578 |    0   64   64   32    8    8    8    8    2    1    4    0    0    0    0    1 |       8       8 |     512     512 |   OK      8 ms |     14.18 ms |       4.13 |   9691.4 |           33.3 |     results match |
|  456 |   578 |    0   64   64   32    8    8    8    8    2    1    4    0    0    1    1    1 |       8       8 |     512     512 |   OK     10 ms |     19.40 ms |       5.37 |   7082.6 |           25.6 |     results match |
|  457 |   578 |    0   64   64   32    8    8    8    8    2    2    1    0    0    0    0    1 |       8       8 |     512     512 |   OK      9 ms |     13.67 ms |       3.97 |  10054.3 |           34.6 |     results match |
|  458 |   578 |    0   64   64   32    8    8    8    8    2    2    1    0    0    1    1    1 |       8       8 |     512     512 |   OK     11 ms |     18.43 ms |       5.26 |   7456.7 |           26.1 |     results match |
|  459 |   578 |    0   64   64   32    8    8    8    8    2    2    2    0    0    0    0    1 |       8       8 |     512     512 |   OK      9 ms |     13.20 ms |       3.84 |  10414.2 |           35.8 |     results match |
|  460 |   578 |    0   64   64   32    8    8    8    8    2    2    2    0    0    1    1    1 |       8       8 |     512     512 |   OK     10 ms |     17.68 ms |       5.08 |   7770.8 |           27.1 |     results match |
|  461 |   578 |    0   64   64   32    8    8    8    8    2    2    4    0    0    0    0    1 |       8       8 |     512     512 |   OK     11 ms |     12.82 ms |       3.74 |  10716.9 |           36.8 |     results match |
|  462 |   578 |    0   64   64   32    8    8    8    8    2    2    4    0    0    1    1    1 |       8       8 |     512     512 |   OK      9 ms |     13.56 ms |       3.99 |  10133.9 |           34.4 |     results match |
|  463 |   578 |    0   64   64   32    8    8    8    8    2    4    1    0    0    0    0    1 |       8       8 |     512     512 |   OK      9 ms |     13.31 ms |       3.89 |  10324.2 |           35.3 |     results match |
|  464 |   578 |    0   64   64   32    8    8    8    8    2    4    1    0    0    1    1    1 |       8       8 |     512     512 |   OK     10 ms |     16.40 ms |       4.80 |   8376.9 |           28.6 |     results match |
|  465 |   578 |    0   64   64   32    8    8    8    8    2    4    2    0    0    0    0    1 |       8       8 |     512     512 |   OK      8 ms |     12.76 ms |       3.74 |  10767.8 |           36.7 |     results match |
|  466 |   578 |    0   64   64   32    8    8    8    8    2    4    2    0    0    1    1    1 |       8       8 |     512     512 |   OK     10 ms |     13.09 ms |       3.85 |  10501.5 |           35.7 |     results match |
|  467 |   578 |    0   64   64   32    8    8    8    8    2    4    4    0    0    0    0    1 |       8       8 |     512     512 |   OK     10 ms |     12.63 ms |       3.69 |  10877.6 |           37.3 |     results match |
|  468 |   578 |    0   64   64   32    8    8    8    8    2    4    4    0    0    1    1    1 |       8       8 |     512     512 |   OK      9 ms |     12.73 ms |       3.74 |  10796.6 |           36.8 |     results match |
|  469 |   578 |    0   64   64   32    8   16    8   16    2    1    1    0    0    0    0    1 |       8      16 |     512    1024 |   OK     11 ms |     16.32 ms |       4.77 |   8418.8 |           28.8 |     results match |
|  470 |   578 |    0   64   64   32    8   16    8   16    2    1    1    0    0    1    1    1 |       8      16 |     512    1024 |   OK      9 ms |     19.26 ms |       5.66 |   7133.3 |           24.3 |     results match |
|  471 |   578 |    0   64   64   32    8   16    8   16    2    1    2    0    0    0    0    1 |       8      16 |     512    1024 |   OK      9 ms |     16.13 ms |       4.69 |   8520.2 |           29.3 |     results match |
|  472 |   578 |    0   64   64   32    8   16    8   16    2    1    2    0    0    1    1    1 |       8      16 |     512    1024 |   OK     10 ms |     17.35 ms |       5.09 |   7921.4 |           27.0 |     results match |
|  473 |   578 |    0   64   64   32    8   16    8   16    2    1    4    0    0    0    0    1 |       8      16 |     512    1024 |   OK      9 ms |     14.79 ms |       4.30 |   9292.5 |           32.0 |     results match |
|  474 |   578 |    0   64   64   32    8   16    8   16    2    1    4    0    0    1    1    1 |       8      16 |     512    1024 |   OK     10 ms |     16.78 ms |       4.93 |   8188.9 |           27.9 |     results match |
|  475 |   578 |    0   64   64   32    8   16    8   16    2    2    1    0    0    0    0    1 |       8      16 |     512    1024 |   OK      9 ms |     15.47 ms |       4.57 |   8881.9 |           30.1 |     results match |
|  476 |   578 |    0   64   64   32    8   16    8   16    2    2    1    0    0    1    1    1 |       8      16 |     512    1024 |   OK     10 ms |     15.68 ms |       4.60 |   8765.9 |           29.9 |     results match |
|  477 |   578 |    0   64   64   32    8   16    8   16    2    2    2    0    0    0    0    1 |       8      16 |     512    1024 |   OK      9 ms |     15.22 ms |       4.45 |   9031.8 |           30.9 |     results match |
|  478 |   578 |    0   64   64   32    8   16    8   16    2    2    2    0    0    1    1    1 |       8      16 |     512    1024 |   OK      9 ms |     15.12 ms |       4.44 |   9089.2 |           30.9 |     results match |
|  479 |   578 |    0   64   64   32    8   16    8   16    2    2    4    0    0    0    0    1 |       8      16 |     512    1024 |   OK     10 ms |     14.45 ms |       4.25 |   9512.5 |           32.3 |     results match |
|  480 |   578 |    0   64   64   32    8   16    8   16    2    2    4    0    0    1    1    1 |       8      16 |     512    1024 |   OK     10 ms |     14.45 ms |       4.26 |   9510.4 |           32.2 |     results match |
|  481 |   578 |    0   64   64   32    8   16    8   16    2    4    1    0    0    0    0    1 |       8      16 |     512    1024 |   OK      9 ms |     14.96 ms |       4.36 |   9183.5 |           31.5 |     results match |
|  482 |   578 |    0   64   64   32    8   16    8   16    2    4    1    0    0    1    1    1 |       8      16 |     512    1024 |   OK     10 ms |     14.34 ms |       4.24 |   9584.2 |           32.4 |     results match |
|  483 |   578 |    0   64   64   32    8   16    8   16    2    4    2    0    0    0    0    1 |       8      16 |     512    1024 |   OK      9 ms |     15.30 ms |       4.49 |   8982.7 |           30.6 |     results match |
|  484 |   578 |    0   64   64   32    8   16    8   16    2    4    2    0    0    1    1    1 |       8      16 |     512    1024 |   OK      9 ms |     13.89 ms |       4.09 |   9895.8 |           33.6 |     results match |
|  485 |   578 |    0   64   64   32    8   16    8   16    2    4    4    0    0    0    0    1 |       8      16 |     512    1024 |   OK      9 ms |     14.14 ms |       4.16 |   9715.8 |           33.1 |     results match |
|  486 |   578 |    0   64   64   32    8   16    8   16    2    4    4    0    0    1    1    1 |       8      16 |     512    1024 |   OK      9 ms |     13.55 ms |       3.98 |  10141.4 |           34.6 |     results match |
|  487 |   578 |    0   64   64   32    8   32    8   32    2    1    1    0    0    0    0    1 |       8      32 |     512    2048 |   OK      9 ms |     24.02 ms |       7.14 |   5720.7 |           19.3 |     results match |
|  488 |   578 |    0   64   64   32    8   32    8   32    2    1    1    0    0    1    1    1 |       8      32 |     512    2048 |   OK     12 ms |     26.56 ms |       7.17 |   5173.5 |           19.2 |     results match |
|  489 |   578 |    0   64   64   32    8   32    8   32    2    1    2    0    0    0    0    1 |       8      32 |     512    2048 |   OK     12 ms |     23.07 ms |       6.73 |   5955.7 |           20.4 |     results match |
|  490 |   578 |    0   64   64   32    8   32    8   32    2    1    2    0    0    1    1    1 |       8      32 |     512    2048 |   OK     14 ms |     24.74 ms |       6.67 |   5555.1 |           20.6 |     results match |
|  491 |   578 |    0   64   64   32    8   32    8   32    2    2    1    0    0    0    0    1 |       8      32 |     512    2048 |   OK     10 ms |     22.56 ms |       6.59 |   6090.9 |           20.9 |     results match |
|  492 |   578 |    0   64   64   32    8   32    8   32    2    2    1    0    0    1    1    1 |       8      32 |     512    2048 |   OK     10 ms |     22.24 ms |       6.32 |   6179.6 |           21.8 |     results match |
|  493 |   578 |    0   64   64   32    8   32    8   32    2    2    2    0    0    0    0    1 |       8      32 |     512    2048 |   OK     10 ms |     21.47 ms |       6.31 |   6399.7 |           21.8 |     results match |
|  494 |   578 |    0   64   64   32    8   32    8   32    2    2    2    0    0    1    1    1 |       8      32 |     512    2048 |   OK      9 ms |     22.32 ms |       6.17 |   6157.1 |           22.3 |     results match |
|  495 |   578 |    0   64   64   32    8   32    8   32    2    4    1    0    0    0    0    1 |       8      32 |     512    2048 |   OK     10 ms |     21.23 ms |       6.28 |   6471.9 |           21.9 |     results match |
|  496 |   578 |    0   64   64   32    8   32    8   32    2    4    1    0    0    1    1    1 |       8      32 |     512    2048 |   OK      9 ms |     21.42 ms |       6.18 |   6414.1 |           22.2 |     results match |
|  497 |   578 |    0   64   64   32    8   32    8   32    2    4    2    0    0    0    0    1 |       8      32 |     512    2048 |   OK     10 ms |     20.83 ms |       6.15 |   6595.8 |           22.4 |     results match |
|  498 |   578 |    0   64   64   32    8   32    8   32    2    4    2    0    0    1    1    1 |       8      32 |     512    2048 |   OK      9 ms |     21.34 ms |       6.04 |   6440.0 |           22.7 |     results match |
|  499 |   578 |    0   64   64   32   16    8   16    8    2    1    1    0    0    0    0    1 |      16       8 |    1024     512 |   OK     11 ms |     16.43 ms |       4.80 |   8362.2 |           28.6 |     results match |
|  500 |   578 |    0   64   64   32   16    8   16    8    2    1    1    0    0    1    1    1 |      16       8 |    1024     512 |   OK     11 ms |     17.97 ms |       5.26 |   7649.4 |           26.1 |     results match |
|  501 |   578 |    0   64   64   32   16    8   16    8    2    1    2    0    0    0    0    1 |      16       8 |    1024     512 |   OK      9 ms |     15.45 ms |       4.56 |   8892.7 |           30.1 |     results match |
|  502 |   578 |    0   64   64   32   16    8   16    8    2    1    2    0    0    1    1    1 |      16       8 |    1024     512 |   OK     13 ms |     14.80 ms |       4.35 |   9285.1 |           31.6 |     results match |
|  503 |   578 |    0   64   64   32   16    8   16    8    2    1    4    0    0    0    0    1 |      16       8 |    1024     512 |   OK     10 ms |     15.47 ms |       4.53 |   8885.4 |           30.3 |     results match |
|  504 |   578 |    0   64   64   32   16    8   16    8    2    1    4    0    0    1    1    1 |      16       8 |    1024     512 |   OK      9 ms |     13.76 ms |       4.05 |   9985.7 |           34.0 |     results match |
|  505 |   578 |    0   64   64   32   16    8   16    8    2    2    1    0    0    0    0    1 |      16       8 |    1024     512 |   OK      9 ms |     15.01 ms |       4.39 |   9156.9 |           31.3 |     results match |
|  506 |   578 |    0   64   64   32   16    8   16    8    2    2    1    0    0    1    1    1 |      16       8 |    1024     512 |   OK     10 ms |     14.55 ms |       4.27 |   9446.8 |           32.2 |     results match |
|  507 |   578 |    0   64   64   32   16    8   16    8    2    2    2    0    0    0    0    1 |      16       8 |    1024     512 |   OK      9 ms |     14.30 ms |       4.18 |   9611.7 |           32.8 |     results match |
|  508 |   578 |    0   64   64   32   16    8   16    8    2    2    2    0    0    1    1    1 |      16       8 |    1024     512 |   OK      9 ms |     13.94 ms |       4.09 |   9860.5 |           33.6 |     results match |
|  509 |   578 |    0   64   64   32   16    8   16    8    2    2    4    0    0    0    0    1 |      16       8 |    1024     512 |   OK      9 ms |     14.81 ms |       4.36 |   9276.9 |           31.5 |     results match |
|  510 |   578 |    0   64   64   32   16    8   16    8    2    2    4    0    0    1    1    1 |      16       8 |    1024     512 |   OK     10 ms |     12.77 ms |       3.75 |  10764.3 |           36.6 |     results match |
|  511 |   578 |    0   64   64   32   16    8   16    8    2    4    1    0    0    0    0    1 |      16       8 |    1024     512 |   OK      9 ms |     14.03 ms |       4.10 |   9797.6 |           33.5 |     results match |
|  512 |   578 |    0   64   64   32   16    8   16    8    2    4    1    0    0    1    1    1 |      16       8 |    1024     512 |   OK     10 ms |     12.32 ms |       3.64 |  11152.6 |           37.7 |     results match |
|  513 |   578 |    0   64   64   32   16    8   16    8    2    4    2    0    0    0    0    1 |      16       8 |    1024     512 |   OK     17 ms |     13.88 ms |       4.08 |   9897.6 |           33.7 |     results match |
|  514 |   578 |    0   64   64   32   16    8   16    8    2    4    2    0    0    1    1    1 |      16       8 |    1024     512 |   OK      9 ms |     12.20 ms |       3.60 |  11268.2 |           38.2 |     results match |
|  515 |   578 |    0   64   64   32   16    8   16    8    2    4    4    0    0    0    0    1 |      16       8 |    1024     512 |   OK     10 ms |     13.51 ms |       3.97 |  10172.5 |           34.6 |     results match |
|  516 |   578 |    0   64   64   32   16    8   16    8    2    4    4    0    0    1    1    1 |      16       8 |    1024     512 |   OK      9 ms |     12.01 ms |       3.53 |  11439.6 |           38.9 |     results match |
|  517 |   578 |    0   64   64   32   16   16   16   16    2    1    1    0    0    0    0    1 |      16      16 |    1024    1024 |   OK      9 ms |     20.05 ms |       5.91 |   6852.5 |           23.3 |     results match |
|  518 |   578 |    0   64   64   32   16   16   16   16    2    1    1    0    0    1    1    1 |      16      16 |    1024    1024 |   OK      9 ms |     19.38 ms |       5.71 |   7090.6 |           24.1 |     results match |
|  519 |   578 |    0   64   64   32   16   16   16   16    2    1    2    0    0    0    0    1 |      16      16 |    1024    1024 |   OK      9 ms |     19.26 ms |       5.74 |   7133.5 |           23.9 |     results match |
|  520 |   578 |    0   64   64   32   16   16   16   16    2    1    2    0    0    1    1    1 |      16      16 |    1024    1024 |   OK      9 ms |     16.41 ms |       4.82 |   8372.8 |           28.5 |     results match |
|  521 |   578 |    0   64   64   32   16   16   16   16    2    1    4    0    0    0    0    1 |      16      16 |    1024    1024 |   OK      9 ms |     17.42 ms |       5.15 |   7889.6 |           26.7 |     results match |
|  522 |   578 |    0   64   64   32   16   16   16   16    2    1    4    0    0    1    1    1 |      16      16 |    1024    1024 |   OK     10 ms |     15.63 ms |       4.60 |   8792.4 |           29.9 |     results match |
|  523 |   578 |    0   64   64   32   16   16   16   16    2    2    1    0    0    0    0    1 |      16      16 |    1024    1024 |   OK     11 ms |     19.03 ms |       5.57 |   7220.0 |           24.7 |     results match |
|  524 |   578 |    0   64   64   32   16   16   16   16    2    2    1    0    0    1    1    1 |      16      16 |    1024    1024 |   OK     11 ms |     15.79 ms |       4.66 |   8701.5 |           29.5 |     results match |
|  525 |   578 |    0   64   64   32   16   16   16   16    2    2    2    0    0    0    0    1 |      16      16 |    1024    1024 |   OK      8 ms |     18.92 ms |       5.61 |   7264.8 |           24.5 |     results match |
|  526 |   578 |    0   64   64   32   16   16   16   16    2    2    2    0    0    1    1    1 |      16      16 |    1024    1024 |   OK      8 ms |     15.31 ms |       4.50 |   8976.8 |           30.6 |     results match |
|  527 |   578 |    0   64   64   32   16   16   16   16    2    2    4    0    0    0    0    1 |      16      16 |    1024    1024 |   OK     12 ms |     16.37 ms |       4.83 |   8392.5 |           28.5 |     results match |
|  528 |   578 |    0   64   64   32   16   16   16   16    2    2    4    0    0    1    1    1 |      16      16 |    1024    1024 |   OK      8 ms |     14.38 ms |       4.26 |   9556.9 |           32.2 |     results match |
|  529 |   578 |    0   64   64   32   16   16   16   16    2    4    1    0    0    0    0    1 |      16      16 |    1024    1024 |   OK      9 ms |     17.75 ms |       5.18 |   7741.0 |           26.5 |     results match |
|  530 |   578 |    0   64   64   32   16   16   16   16    2    4    1    0    0    1    1    1 |      16      16 |    1024    1024 |   OK     11 ms |     12.45 ms |       3.70 |  11035.8 |           37.1 |     results match |
|  531 |   578 |    0   64   64   32   16   16   16   16    2    4    2    0    0    0    0    1 |      16      16 |    1024    1024 |   OK     10 ms |     19.08 ms |       5.66 |   7200.6 |           24.3 |     results match |
|  532 |   578 |    0   64   64   32   16   16   16   16    2    4    2    0    0    1    1    1 |      16      16 |    1024    1024 |   OK     10 ms |     12.19 ms |       3.64 |  11275.6 |           37.8 |     results match |
|  533 |   578 |    0   64   64   32   16   16   16   16    2    4    4    0    0    0    0    1 |      16      16 |    1024    1024 |   OK     10 ms |     13.69 ms |       4.06 |  10041.4 |           33.9 |     results match |
|  534 |   578 |    0   64   64   32   16   16   16   16    2    4    4    0    0    1    1    1 |      16      16 |    1024    1024 |   OK     10 ms |     11.76 ms |       3.48 |  11688.4 |           39.4 |     results match |
|  535 |   578 |    0   64   64   32   16   32   16   32    2    1    1    0    0    0    0    1 |      16      32 |    1024    2048 |   OK     10 ms |     26.91 ms |       7.89 |   5107.3 |           17.4 |     results match |
|  536 |   578 |    0   64   64   32   16   32   16   32    2    1    1    0    0    1    1    1 |      16      32 |    1024    2048 |   OK     10 ms |     25.92 ms |       7.49 |   5302.1 |           18.4 |     results match |
|  537 |   578 |    0   64   64   32   16   32   16   32    2    1    2    0    0    0    0    1 |      16      32 |    1024    2048 |   OK     10 ms |     24.80 ms |       7.30 |   5540.5 |           18.8 |     results match |
|  538 |   578 |    0   64   64   32   16   32   16   32    2    1    2    0    0    1    1    1 |      16      32 |    1024    2048 |   OK     11 ms |     23.15 ms |       6.74 |   5935.7 |           20.4 |     results match |
|  539 |   578 |    0   64   64   32   16   32   16   32    2    2    1    0    0    0    0    1 |      16      32 |    1024    2048 |   OK     13 ms |     24.77 ms |       7.29 |   5548.7 |           18.9 |     results match |
|  540 |   578 |    0   64   64   32   16   32   16   32    2    2    1    0    0    1    1    1 |      16      32 |    1024    2048 |   OK     11 ms |     22.32 ms |       6.57 |   6156.6 |           20.9 |     results match |
|  541 |   578 |    0   64   64   32   16   32   16   32    2    2    2    0    0    0    0    1 |      16      32 |    1024    2048 |   OK     11 ms |     23.69 ms |       6.98 |   5799.8 |           19.7 |     results match |
|  542 |   578 |    0   64   64   32   16   32   16   32    2    2    2    0    0    1    1    1 |      16      32 |    1024    2048 |   OK     10 ms |     21.89 ms |       6.48 |   6277.2 |           21.2 |     results match |
|  543 |   578 |    0   64   64   32   16   32   16   32    2    4    1    0    0    0    0    1 |      16      32 |    1024    2048 |   OK      9 ms |     23.91 ms |       6.97 |   5746.7 |           19.7 |     results match |
|  544 |   578 |    0   64   64   32   16   32   16   32    2    4    1    0    0    1    1    1 |      16      32 |    1024    2048 |   OK     10 ms |     15.34 ms |       4.53 |   8959.4 |           30.3 |     results match |
|  545 |   578 |    0   64   64   32   16   32   16   32    2    4    2    0    0    0    0    1 |      16      32 |    1024    2048 |   OK     12 ms |     17.59 ms |       5.14 |   7812.7 |           26.7 |     results match |
|  546 |   578 |    0   64   64   32   16   32   16   32    2    4    2    0    0    1    1    1 |      16      32 |    1024    2048 |   OK      9 ms |     15.02 ms |       4.42 |   9150.5 |           31.1 |     results match |
|  547 |   578 |    0   64   64   32   32    8   32    8    2    1    1    0    0    0    0    1 |      32       8 |    2048     512 |   OK     10 ms |     20.55 ms |       6.02 |   6687.1 |           22.8 |     results match |
|  548 |   578 |    0   64   64   32   32    8   32    8    2    1    1    0    0    1    1    1 |      32       8 |    2048     512 |   OK     11 ms |     20.45 ms |       6.05 |   6720.0 |           22.7 |     results match |
|  549 |   578 |    0   64   64   32   32    8   32    8    2    1    2    0    0    0    0    1 |      32       8 |    2048     512 |   OK      9 ms |     18.12 ms |       5.37 |   7585.9 |           25.6 |     results match |
|  550 |   578 |    0   64   64   32   32    8   32    8    2    1    2    0    0    1    1    1 |      32       8 |    2048     512 |   OK      9 ms |     14.76 ms |       4.35 |   9310.8 |           31.6 |     results match |
|  551 |   578 |    0   64   64   32   32    8   32    8    2    1    4    0    0    0    0    1 |      32       8 |    2048     512 |   OK      9 ms |     19.81 ms |       5.88 |   6935.7 |           23.4 |     results match |
|  552 |   578 |    0   64   64   32   32    8   32    8    2    1    4    0    0    1    1    1 |      32       8 |    2048     512 |   OK     10 ms |     13.92 ms |       4.08 |   9872.9 |           33.7 |     results match |
|  553 |   578 |    0   64   64   32   32    8   32    8    2    2    1    0    0    0    0    1 |      32       8 |    2048     512 |   OK      8 ms |     19.31 ms |       5.69 |   7114.8 |           24.2 |     results match |
|  554 |   578 |    0   64   64   32   32    8   32    8    2    2    1    0    0    1    1    1 |      32       8 |    2048     512 |   OK     10 ms |     14.30 ms |       4.23 |   9612.8 |           32.5 |     results match |
|  555 |   578 |    0   64   64   32   32    8   32    8    2    2    2    0    0    0    0    1 |      32       8 |    2048     512 |   OK      9 ms |     17.68 ms |       5.17 |   7771.6 |           26.6 |     results match |
|  556 |   578 |    0   64   64   32   32    8   32    8    2    2    2    0    0    1    1    1 |      32       8 |    2048     512 |   OK     10 ms |     13.71 ms |       4.05 |  10023.8 |           33.9 |     results match |
|  557 |   578 |    0   64   64   32   32    8   32    8    2    2    4    0    0    0    0    1 |      32       8 |    2048     512 |   OK      9 ms |     15.51 ms |       4.59 |   8862.7 |           29.9 |     results match |
|  558 |   578 |    0   64   64   32   32    8   32    8    2    2    4    0    0    1    1    1 |      32       8 |    2048     512 |   OK     10 ms |     12.67 ms |       3.77 |  10843.3 |           36.5 |     results match |
|  559 |   578 |    0   64   64   32   32   16   32   16    2    1    1    0    0    0    0    1 |      32      16 |    2048    1024 |   OK     10 ms |     25.16 ms |       7.36 |   5461.1 |           18.7 |     results match |
|  560 |   578 |    0   64   64   32   32   16   32   16    2    1    1    0    0    1    1    1 |      32      16 |    2048    1024 |   OK      9 ms |     22.23 ms |       6.56 |   6183.0 |           21.0 |     results match |
|  561 |   578 |    0   64   64   32   32   16   32   16    2    1    2    0    0    0    0    1 |      32      16 |    2048    1024 |   OK     10 ms |     21.35 ms |       6.28 |   6438.1 |           21.9 |     results match |
|  562 |   578 |    0   64   64   32   32   16   32   16    2    1    2    0    0    1    1    1 |      32      16 |    2048    1024 |   OK     10 ms |     17.39 ms |       5.11 |   7903.5 |           26.9 |     results match |
|  563 |   578 |    0   64   64   32   32   16   32   16    2    1    4    0    0    0    0    1 |      32      16 |    2048    1024 |   OK     10 ms |     20.33 ms |       6.02 |   6758.9 |           22.8 |     results match |
|  564 |   578 |    0   64   64   32   32   16   32   16    2    1    4    0    0    1    1    1 |      32      16 |    2048    1024 |   OK     10 ms |     16.87 ms |       4.98 |   8143.6 |           27.6 |     results match |
|  565 |   578 |    0   64   64   32   32   16   32   16    2    2    1    0    0    0    0    1 |      32      16 |    2048    1024 |   OK     10 ms |     25.69 ms |       7.48 |   5348.3 |           18.4 |     results match |
|  566 |   578 |    0   64   64   32   32   16   32   16    2    2    1    0    0    1    1    1 |      32      16 |    2048    1024 |   OK      9 ms |     14.12 ms |       4.19 |   9733.9 |           32.8 |     results match |
|  567 |   578 |    0   64   64   32   32   16   32   16    2    2    2    0    0    0    0    1 |      32      16 |    2048    1024 |   OK      8 ms |     23.22 ms |       6.81 |   5918.8 |           20.2 |     results match |
|  568 |   578 |    0   64   64   32   32   16   32   16    2    2    2    0    0    1    1    1 |      32      16 |    2048    1024 |   OK      9 ms |     13.73 ms |       4.06 |  10006.7 |           33.8 |     results match |
|  569 |   578 |    0   64   64   32   32   16   32   16    2    2    4    0    0    0    0    1 |      32      16 |    2048    1024 |   OK      9 ms |     17.34 ms |       5.10 |   7926.4 |           26.9 |     results match |
|  570 |   578 |    0   64   64   32   32   16   32   16    2    2    4    0    0    1    1    1 |      32      16 |    2048    1024 |   OK    141 ms |     13.51 ms |       3.99 |  10170.3 |           34.5 |     results match |
|  571 |   578 |    0   64   64   32   32   32   32   32    2    1    1    0    0    0    0    1 |      32      32 |    2048    2048 |   OK    111 ms |     36.61 ms |      10.84 |   3753.5 |           12.7 |     results match |
|  572 |   578 |    0   64   64   32   32   32   32   32    2    1    1    0    0    1    1    1 |      32      32 |    2048    2048 |   OK    114 ms |     29.61 ms |       8.19 |   4641.0 |           16.8 |     results match |
|  573 |   578 |    0   64   64   32   32   32   32   32    2    1    2    0    0    0    0    1 |      32      32 |    2048    2048 |   OK    123 ms |     34.27 ms |      10.08 |   4009.4 |           13.6 |     results match |
|  574 |   578 |    0   64   64   32   32   32   32   32    2    1    2    0    0    1    1    1 |      32      32 |    2048    2048 |   OK    118 ms |     24.77 ms |       7.29 |   5546.9 |           18.9 |     results match |
|  575 |   578 |    0   64   64   32   32   32   32   32    2    2    1    0    0    0    0    1 |      32      32 |    2048    2048 |   OK    106 ms |     27.47 ms |       8.07 |   5003.0 |           17.0 |     results match |
|  576 |   578 |    0   64   64   32   32   32   32   32    2    2    1    0    0    1    1    1 |      32      32 |    2048    2048 |   OK    107 ms |     17.33 ms |       5.15 |   7927.9 |           26.7 |     results match |
|  577 |   578 |    0   64   64   32   32   32   32   32    2    2    2    0    0    0    0    1 |      32      32 |    2048    2048 |   OK    102 ms |     22.28 ms |       6.58 |   6166.6 |           20.9 |     results match |
|  578 |   578 |    0   64   64   32   32   32   32   32    2    2    2    0    0    1    1    1 |      32      32 |    2048    2048 |   OK    104 ms |     17.17 ms |       5.07 |   8002.0 |           27.1 |     results match |
x------x-------x---------------------------------------------------------------------------------x-----------------x-----------------x----------------x--------------x------------x----------x----------------x-------------------x
